timestamp,cpu_percentage,memory_rss_bytes,cpu_cycles_est,pj_power_w,pj_energy_j,pj_active
2025-08-29 13:50:50.203,run_379,19.9,40632320,4573433457,,,1
2025-08-29 13:50:50.309,run_379,0.0,40632320,4408233285,,,1
2025-08-29 13:50:50.410,run_379,0.0,40632320,3978558236,,,1
2025-08-29 13:50:50.503,run_379,19.9,40632320,5149449265,,,1
2025-08-29 13:50:50.614,run_379,0.0,40632320,4765231804,,,1
2025-08-29 13:50:50.708,run_379,19.9,40632320,4415272575,,,1
2025-08-29 13:50:50.811,run_379,0.0,40632320,4532658935,,,1
2025-08-29 13:50:50.898,run_379,20.0,40632320,6005947519,,,1
2025-08-29 13:50:51.006,run_379,0.0,40632320,4901212915,,,1
2025-08-29 13:50:51.109,run_379,19.9,40632320,3999449055,,,1
2025-08-29 13:50:51.211,run_379,0.0,40632320,5021431484,,,1
2025-08-29 13:50:51.332,run_379,20.0,40632320,8420340918,,,1
2025-08-29 13:50:51.422,run_379,0.0,40632320,7176633702,,,1
2025-08-29 13:50:51.517,run_379,0.0,40632320,6735147886,,,1
2025-08-29 13:50:51.612,run_379,0.0,40632320,6697129926,,,1
2025-08-29 13:50:51.772,run_379,20.0,40796160,9258449750,,,1
2025-08-29 13:50:51.851,run_379,0.0,40796160,6568967789,,,1
2025-08-29 13:50:51.967,run_379,20.0,40796160,7381881669,,,1
2025-08-29 13:50:52.063,run_379,0.0,40796160,6112152026,,,1
2025-08-29 13:50:52.168,run_379,20.0,40796160,5973701031,,,1
2025-08-29 13:50:52.257,run_379,0.0,40796160,6878666139,,,1
2025-08-29 13:50:52.361,run_379,0.0,40796160,7055140757,,,1
2025-08-29 13:50:52.463,run_379,0.0,40796160,5698240464,,,1
2025-08-29 13:50:52.567,run_379,0.0,40796160,6122336192,,,1
2025-08-29 13:50:52.666,run_379,20.0,40796160,6482045475,,,1
2025-08-29 13:50:52.777,run_379,0.0,40796160,6792700387,,,1
2025-08-29 13:50:52.872,run_379,20.0,41779200,6346923745,,,1
2025-08-29 13:50:52.970,run_379,0.0,41779200,6561296757,,,1
2025-08-29 13:50:53.085,run_379,0.0,41779200,7457968835,,,1
2025-08-29 13:50:53.192,run_379,20.0,41779200,7226090949,,,1
2025-08-29 13:50:53.288,run_379,0.0,41779200,7399156975,,,1
2025-08-29 13:50:53.382,run_379,0.0,41779200,8129138747,,,1
2025-08-29 13:50:53.478,run_379,0.0,41779200,8339740224,,,1
2025-08-29 13:50:53.578,run_379,20.0,41779200,6712758117,,,1
2025-08-29 13:50:53.685,run_379,39.9,41779200,7670883466,,,1
2025-08-29 13:50:53.784,run_379,0.0,41779200,7270928213,,,1
2025-08-29 13:50:53.891,run_379,0.0,41779200,6774874917,,,1
2025-08-29 13:50:53.988,run_379,0.0,41779200,6432398154,,,1
2025-08-29 13:50:54.085,run_379,0.0,41779200,7432184792,,,1
2025-08-29 13:50:54.186,run_379,20.0,41779200,9171957240,,,1
2025-08-29 13:50:54.289,run_379,20.0,41943040,7095547907,,,1
2025-08-29 13:50:54.381,run_379,20.0,41943040,7603927979,,,1
2025-08-29 13:50:54.485,run_379,20.0,41943040,6902037863,,,1
2025-08-29 13:50:54.588,run_379,0.0,41943040,7522804138,,,1
2025-08-29 13:50:54.693,run_379,0.0,41943040,8123645075,,,1
2025-08-29 13:50:54.781,run_379,20.0,41943040,7773816971,,,1
2025-08-29 13:50:54.886,run_379,0.0,41943040,8059190964,,,1
2025-08-29 13:50:55.001,run_379,39.9,41943040,7682277750,,,1
2025-08-29 13:50:55.089,run_379,0.0,41943040,8347623212,,,1
2025-08-29 13:50:55.196,run_379,0.0,41943040,8420703480,,,1
2025-08-29 13:50:55.304,run_379,0.0,41943040,7893360029,,,1
2025-08-29 13:50:55.395,run_379,0.0,41943040,7656929379,,,1
2025-08-29 13:50:55.493,run_379,20.0,41943040,7812721619,,,1
2025-08-29 13:50:55.593,run_379,0.0,41943040,8952013312,,,1
2025-08-29 13:50:55.693,run_379,0.0,41943040,6683241438,,,1
2025-08-29 13:50:55.793,run_379,0.0,41943040,8123701599,,,1
2025-08-29 13:50:55.894,run_379,0.0,41943040,7919282420,,,1
2025-08-29 13:50:56.002,run_379,20.0,41943040,8432948628,,,1
2025-08-29 13:50:56.100,run_379,0.0,41943040,8356217782,,,1
2025-08-29 13:50:56.213,run_379,20.0,41943040,6822933782,,,1
2025-08-29 13:50:56.296,run_379,20.0,41943040,9477568716,,,1
2025-08-29 13:50:56.404,run_379,20.0,41943040,6716770427,,,1
2025-08-29 13:50:56.507,run_379,20.0,41943040,7000331842,,,1
2025-08-29 13:50:56.608,run_379,20.0,41943040,8736123454,,,1
2025-08-29 13:50:56.709,run_379,20.0,41943040,7304034212,,,1
2025-08-29 13:50:56.799,run_379,20.0,41943040,8965625681,,,1
2025-08-29 13:50:56.898,run_379,0.0,41943040,8055190125,,,1
2025-08-29 13:50:56.997,run_379,0.0,41943040,8835698864,,,1
2025-08-29 13:50:57.100,run_379,0.0,41943040,9343936576,,,1
2025-08-29 13:50:57.208,run_379,0.0,41943040,8741232117,,,1
2025-08-29 13:50:57.301,run_379,0.0,41943040,7094511297,,,1
2025-08-29 13:50:57.396,run_379,0.0,41943040,8443428950,,,1
2025-08-29 13:50:57.495,run_379,0.0,41943040,6300720648,,,1
2025-08-29 13:50:57.597,run_379,0.0,41943040,7720692867,,,1
2025-08-29 13:50:57.695,run_379,20.0,41943040,8178299378,,,1
2025-08-29 13:50:57.806,run_379,19.9,41943040,8436908479,,,1
2025-08-29 13:50:57.912,run_379,20.0,41943040,7985837350,,,1
2025-08-29 13:50:57.999,run_379,20.0,41943040,9099878868,,,1
2025-08-29 13:50:58.109,run_379,20.0,41943040,9166486737,,,1
2025-08-29 13:50:58.208,run_379,20.0,41943040,8511200260,,,1
2025-08-29 13:50:58.297,run_379,20.0,41943040,8892876945,,,1
2025-08-29 13:50:58.410,run_379,20.0,41943040,10338386344,,,1
2025-08-29 13:50:58.502,run_379,20.0,41943040,10079450188,,,1
2025-08-29 13:50:58.603,run_379,20.0,41943040,8746171056,,,1
2025-08-29 13:50:58.704,run_379,0.0,41943040,8089797370,,,1
2025-08-29 13:50:58.816,run_379,20.0,41943040,7010580376,,,1
2025-08-29 13:50:58.911,run_379,20.0,41943040,10015224342,,,1
2025-08-29 13:50:59.017,run_379,20.0,41943040,9404317131,,,1
2025-08-29 13:50:59.107,run_379,20.0,41943040,8779700538,,,1
2025-08-29 13:50:59.206,run_379,20.0,41943040,8300537867,,,1
2025-08-29 13:50:59.317,run_379,19.9,41943040,11951747329,,,1
2025-08-29 13:50:59.406,run_379,0.0,41943040,11556545343,,,1
2025-08-29 13:50:59.504,run_379,20.0,41943040,8998178956,,,1
2025-08-29 13:50:59.605,run_379,0.0,41943040,9418318500,,,1
2025-08-29 13:50:59.701,run_379,0.0,41943040,9498321234,,,1
2025-08-29 13:50:59.806,run_379,0.0,41943040,10565782419,,,1
2025-08-29 13:50:59.906,run_379,0.0,41943040,9318150391,,,1
2025-08-29 13:51:00.003,run_379,20.0,41943040,10554401779,,,1
2025-08-29 13:51:00.107,run_379,20.0,41943040,10653274484,,,1
2025-08-29 13:51:00.204,run_379,20.0,41943040,10217949461,,,1
2025-08-29 13:51:00.305,run_379,0.0,41943040,9393555606,,,1
2025-08-29 13:51:00.406,run_379,0.0,41943040,8358918105,,,1
2025-08-29 13:51:00.522,run_379,20.0,41943040,10117826166,,,1
2025-08-29 13:51:00.612,run_379,20.0,41943040,10759746290,,,1
2025-08-29 13:51:00.713,run_379,20.0,41943040,10183887509,,,1
2025-08-29 13:51:00.818,run_379,20.0,41943040,9282663779,,,1
2025-08-29 13:51:00.909,run_379,20.0,41943040,9233111254,,,1
2025-08-29 13:51:01.019,run_379,0.0,41943040,8951019961,,,1
2025-08-29 13:51:01.117,run_379,20.0,41943040,9076089330,,,1
2025-08-29 13:51:01.213,run_379,39.9,41943040,8600008546,,,1
2025-08-29 13:51:01.329,run_379,20.0,41943040,10977147257,,,1
2025-08-29 13:51:01.420,run_379,20.0,41943040,11785181776,,,1
2025-08-29 13:51:01.520,run_379,20.0,41943040,10909805120,,,1
2025-08-29 13:51:01.615,run_379,20.0,41943040,10207062181,,,1
2025-08-29 13:51:01.719,run_379,20.0,41943040,10530562902,,,1
2025-08-29 13:51:01.822,run_379,20.0,41943040,11198060352,,,1
2025-08-29 13:51:01.928,run_379,20.0,41943040,11139214770,,,1
2025-08-29 13:51:02.030,run_379,20.0,41943040,8346159574,,,1
2025-08-29 13:51:02.129,run_379,39.9,41943040,10171864740,,,1
2025-08-29 13:51:02.237,run_379,20.0,41943040,10195813907,,,1
2025-08-29 13:51:02.329,run_379,20.0,41943040,10298215707,,,1
2025-08-29 13:51:02.438,run_379,20.0,41943040,9488900024,,,1
2025-08-29 13:51:02.533,run_379,20.0,41943040,9849530921,,,1
2025-08-29 13:51:02.628,run_379,20.0,41943040,9808688178,,,1
2025-08-29 13:51:02.740,run_379,19.9,41943040,10909371025,,,1
2025-08-29 13:51:02.833,run_379,0.0,41943040,9381739861,,,1
2025-08-29 13:51:02.942,run_379,20.0,41943040,10538700144,,,1
2025-08-29 13:51:03.038,run_379,0.0,41943040,11003941196,,,1
2025-08-29 13:51:03.134,run_379,0.0,41943040,12191633805,,,1
2025-08-29 13:51:03.235,run_379,20.0,41943040,12694488929,,,1
2025-08-29 13:51:03.338,run_379,20.0,41943040,10530562109,,,1
2025-08-29 13:51:03.437,run_379,20.0,41943040,9942637424,,,1
2025-08-29 13:51:03.548,run_379,20.0,41943040,11850609011,,,1
2025-08-29 13:51:03.634,run_379,20.0,41943040,11212740028,,,1
2025-08-29 13:51:03.746,run_379,19.9,41943040,11566112407,,,1
2025-08-29 13:51:03.838,run_379,19.9,41943040,10098224000,,,1
2025-08-29 13:51:03.941,run_379,0.0,41943040,8993416742,,,1
2025-08-29 13:51:04.040,run_379,0.0,41943040,10011978792,,,1
2025-08-29 13:51:04.145,run_379,19.9,41943040,10877377753,,,1
2025-08-29 13:51:04.241,run_379,0.0,41943040,10793921425,,,1
2025-08-29 13:51:04.336,run_379,0.0,41943040,9297062658,,,1
2025-08-29 13:51:04.448,run_379,0.0,41943040,10897311567,,,1
2025-08-29 13:51:04.554,run_379,0.0,41943040,9702462000,,,1
2025-08-29 13:51:04.658,run_379,20.0,41943040,9625321065,,,1
2025-08-29 13:51:04.762,run_379,0.0,41943040,10627608907,,,1
2025-08-29 13:51:04.852,run_379,20.0,41943040,10373277421,,,1
2025-08-29 13:51:04.949,run_379,20.0,41943040,9826121228,,,1
2025-08-29 13:51:05.060,run_379,20.0,41943040,10807832317,,,1
2025-08-29 13:51:05.194,run_379,20.0,41943040,11697242032,,,1
2025-08-29 13:51:05.285,run_379,20.0,41943040,12240032328,,,1
2025-08-29 13:51:05.394,run_379,20.0,41943040,10666500174,,,1
2025-08-29 13:51:05.484,run_379,20.0,41943040,13334513792,,,1
2025-08-29 13:51:05.593,run_379,0.0,41943040,12101022863,,,1
2025-08-29 13:51:05.693,run_379,0.0,41943040,10361441270,,,1
2025-08-29 13:51:05.786,run_379,0.0,41943040,10118143574,,,1
2025-08-29 13:51:05.886,run_379,0.0,41943040,10949253052,,,1
2025-08-29 13:51:05.984,run_379,0.0,41943040,11488906143,,,1
2025-08-29 13:51:06.082,run_379,20.0,41943040,12659643758,,,1
2025-08-29 13:51:06.187,run_379,20.0,41943040,11544525869,,,1
2025-08-29 13:51:06.283,run_379,0.0,41943040,14162788519,,,1
2025-08-29 13:51:06.377,run_379,0.0,41943040,13113495989,,,1
2025-08-29 13:51:06.490,run_379,20.0,41943040,11991395812,,,1
2025-08-29 13:51:06.584,run_379,0.0,41943040,12632785772,,,1
2025-08-29 13:51:06.688,run_379,20.0,41943040,11500263983,,,1
2025-08-29 13:51:06.794,run_379,20.0,41943040,11671652164,,,1
2025-08-29 13:51:06.885,run_379,0.0,41943040,10878520001,,,1
2025-08-29 13:51:06.982,run_379,20.0,41943040,12919501820,,,1
2025-08-29 13:51:07.080,run_379,20.0,41943040,9909131057,,,1
2025-08-29 13:51:07.181,run_379,20.0,41943040,11666753489,,,1
2025-08-29 13:51:07.285,run_379,20.0,41943040,13070270639,,,1
2025-08-29 13:51:07.383,run_379,20.0,41943040,15701509248,,,1
2025-08-29 13:51:07.485,run_379,20.0,41943040,11677330857,,,1
2025-08-29 13:51:07.588,run_379,39.9,41943040,11597081553,,,1
2025-08-29 13:51:07.680,run_379,20.0,41943040,12731315765,,,1
2025-08-29 13:51:07.795,run_379,20.0,41943040,11466690511,,,1
2025-08-29 13:51:07.887,run_379,20.0,41943040,13606284899,,,1
2025-08-29 13:51:07.984,run_379,20.0,41943040,13761274325,,,1
2025-08-29 13:51:08.077,run_379,20.0,41943040,12331959751,,,1
2025-08-29 13:51:08.197,run_379,19.9,41943040,12713493211,,,1
2025-08-29 13:51:08.288,run_379,20.0,41943040,11981102856,,,1
2025-08-29 13:51:08.385,run_379,20.0,41943040,10795248485,,,1
2025-08-29 13:51:08.490,run_379,20.0,41943040,12387638934,,,1
2025-08-29 13:51:08.587,run_379,20.0,41943040,12382390101,,,1
2025-08-29 13:51:08.685,run_379,20.0,41943040,9683469350,,,1
2025-08-29 13:51:08.786,run_379,20.0,41943040,12935632468,,,1
2025-08-29 13:51:08.892,run_379,20.0,41943040,10608664800,,,1
2025-08-29 13:51:08.990,run_379,20.0,41943040,11399607549,,,1
2025-08-29 13:51:09.093,run_379,20.0,41943040,13726025248,,,1
2025-08-29 13:51:09.186,run_379,20.0,41943040,10955303350,,,1
2025-08-29 13:51:09.287,run_379,20.0,41943040,13361404207,,,1
2025-08-29 13:51:09.385,run_379,20.0,41943040,10346735419,,,1
2025-08-29 13:51:09.488,run_379,20.0,41943040,9972655066,,,1
2025-08-29 13:51:09.591,run_379,19.9,41943040,13202149476,,,1
2025-08-29 13:51:09.690,run_379,19.9,41943040,12672556818,,,1
2025-08-29 13:51:09.790,run_379,20.0,41943040,14039945700,,,1
2025-08-29 13:51:09.891,run_379,20.0,41943040,13135798174,,,1
2025-08-29 13:51:09.988,run_379,20.0,41943040,12836429796,,,1
2025-08-29 13:51:10.083,run_379,20.0,41943040,12343609155,,,1
2025-08-29 13:51:10.196,run_379,20.0,41943040,11496128984,,,1
2025-08-29 13:51:10.290,run_379,19.9,41943040,13244457117,,,1
2025-08-29 13:51:10.389,run_379,20.0,41943040,12479857727,,,1
2025-08-29 13:51:10.494,run_379,20.0,41943040,14842764716,,,1
2025-08-29 13:51:10.588,run_379,20.0,41943040,14581356705,,,1
2025-08-29 13:51:10.685,run_379,20.0,41943040,12407618790,,,1
2025-08-29 13:51:10.784,run_379,0.0,41943040,10678983696,,,1
2025-08-29 13:51:10.890,run_379,20.0,41943040,13883212576,,,1
2025-08-29 13:51:10.990,run_379,20.0,41943040,12784355860,,,1
2025-08-29 13:51:11.086,run_379,19.9,41943040,15522835252,,,1
2025-08-29 13:51:11.183,run_379,20.0,41943040,13384357337,,,1
2025-08-29 13:51:11.324,run_379,0.0,41943040,13852125098,,,1
2025-08-29 13:51:11.416,run_379,19.9,41943040,15747527049,,,1
2025-08-29 13:51:11.536,run_379,20.0,41943040,11165515665,,,1
2025-08-29 13:51:11.628,run_379,0.0,41943040,12924863557,,,1
2025-08-29 13:51:11.718,run_379,0.0,41943040,11868203484,,,1
2025-08-29 13:51:11.831,run_379,0.0,41943040,12381274656,,,1
2025-08-29 13:51:11.923,run_379,20.0,41943040,14042115740,,,1
2025-08-29 13:51:12.028,run_379,19.9,41943040,14478858884,,,1
2025-08-29 13:51:12.131,run_379,19.9,41943040,15343621019,,,1
2025-08-29 13:51:12.234,run_379,20.0,41943040,13178681104,,,1
2025-08-29 13:51:12.328,run_379,0.0,41943040,12411382302,,,1
2025-08-29 13:51:12.425,run_379,19.9,41943040,13826052321,,,1
2025-08-29 13:51:12.524,run_379,20.0,41943040,10487082010,,,1
2025-08-29 13:51:12.626,run_379,19.9,41943040,11379919760,,,1
2025-08-29 13:51:12.725,run_379,20.0,41943040,12295374147,,,1
2025-08-29 13:51:12.825,run_379,20.0,41943040,11282563162,,,1
2025-08-29 13:51:12.929,run_379,19.9,41943040,15709679262,,,1
2025-08-29 13:51:13.030,run_379,19.9,41943040,12360081702,,,1
2025-08-29 13:51:13.141,run_379,20.0,41943040,13089893279,,,1
2025-08-29 13:51:13.225,run_379,20.0,41943040,14789878942,,,1
2025-08-29 13:51:13.340,run_379,19.9,41943040,10313124553,,,1
2025-08-29 13:51:13.441,run_379,0.0,41943040,10876379625,,,1
2025-08-29 13:51:13.529,run_379,0.0,41943040,13384800775,,,1
2025-08-29 13:51:13.633,run_379,20.0,41943040,12307141201,,,1
2025-08-29 13:51:13.734,run_379,20.0,41943040,14049897378,,,1
2025-08-29 13:51:13.828,run_379,20.0,41943040,12628594298,,,1
2025-08-29 13:51:13.929,run_379,20.0,41943040,16329466334,,,1
2025-08-29 13:51:14.033,run_379,20.0,41943040,14221614684,,,1
2025-08-29 13:51:14.137,run_379,20.0,41943040,13305087489,,,1
2025-08-29 13:51:14.237,run_379,20.0,41943040,13797384423,,,1
2025-08-29 13:51:14.326,run_379,20.0,41943040,13790181770,,,1
2025-08-29 13:51:14.436,run_379,0.0,41943040,13081463899,,,1
2025-08-29 13:51:14.530,run_379,0.0,41943040,13866178127,,,1
2025-08-29 13:51:14.631,run_379,0.0,41943040,11645644626,,,1
2025-08-29 13:51:14.731,run_379,0.0,41943040,16105378142,,,1
2025-08-29 13:51:14.834,run_379,0.0,41943040,14130881074,,,1
2025-08-29 13:51:14.934,run_379,20.0,41943040,11832773488,,,1
2025-08-29 13:51:15.030,run_379,20.0,41943040,13135994947,,,1
2025-08-29 13:51:15.131,run_379,20.0,41943040,12587116214,,,1
2025-08-29 13:51:15.232,run_379,20.0,41943040,15389445006,,,1
2025-08-29 13:51:15.356,run_379,20.0,41943040,13480750089,,,1
2025-08-29 13:51:15.442,run_379,0.0,41943040,14969376871,,,1
2025-08-29 13:51:15.548,run_379,0.0,41943040,13377194608,,,1
2025-08-29 13:51:15.660,run_379,0.0,41943040,15154999464,,,1
2025-08-29 13:51:15.754,run_379,0.0,41943040,14718906330,,,1
2025-08-29 13:51:15.851,run_379,0.0,41943040,16123657687,,,1
2025-08-29 13:51:15.946,run_379,20.0,41943040,13888869372,,,1
2025-08-29 13:51:16.048,run_379,0.0,41943040,13339757434,,,1
2025-08-29 13:51:16.154,run_379,19.9,41943040,17822009642,,,1
2025-08-29 13:51:16.251,run_379,20.0,41943040,13579852617,,,1
2025-08-29 13:51:16.355,run_379,20.0,41943040,15508699739,,,1
2025-08-29 13:51:16.451,run_379,0.0,41943040,14377943275,,,1
2025-08-29 13:51:16.550,run_379,0.0,41943040,13751288936,,,1
2025-08-29 13:51:16.651,run_379,0.0,41943040,11433928592,,,1
2025-08-29 13:51:16.753,run_379,0.0,41943040,11427608142,,,1
2025-08-29 13:51:16.847,run_379,0.0,41943040,13447142130,,,1
2025-08-29 13:51:16.950,run_379,0.0,41943040,15226538668,,,1
2025-08-29 13:51:17.052,run_379,0.0,41943040,14663434196,,,1
2025-08-29 13:51:17.159,run_379,0.0,41943040,18047631000,,,1
2025-08-29 13:51:17.268,run_379,20.0,41943040,12442362996,,,1
2025-08-29 13:51:17.370,run_379,20.0,41943040,13180859333,,,1
2025-08-29 13:51:17.462,run_379,0.0,41943040,15754200188,,,1
2025-08-29 13:51:17.558,run_379,0.0,41943040,17111048624,,,1
2025-08-29 13:51:17.672,run_379,20.0,41943040,13276102160,,,1
2025-08-29 13:51:17.768,run_379,20.0,41943040,13505003364,,,1
2025-08-29 13:51:17.864,run_379,0.0,41943040,15684824486,,,1
2025-08-29 13:51:17.960,run_379,0.0,41943040,15509627582,,,1
2025-08-29 13:51:18.067,run_379,0.0,41943040,14470594171,,,1
2025-08-29 13:51:18.189,run_379,20.0,41943040,13360322124,,,1
2025-08-29 13:51:18.284,run_379,20.0,41943040,15530049047,,,1
2025-08-29 13:51:18.382,run_379,20.0,41943040,15490942740,,,1
2025-08-29 13:51:18.476,run_379,20.0,41943040,12823321580,,,1
2025-08-29 13:51:18.590,run_379,20.0,41943040,15772132584,,,1
2025-08-29 13:51:18.684,run_379,0.0,41943040,17936382106,,,1
2025-08-29 13:51:18.783,run_379,20.0,41943040,19043344184,,,1
2025-08-29 13:51:18.887,run_379,20.0,41943040,14043571880,,,1
2025-08-29 13:51:18.980,run_379,0.0,41943040,15910955519,,,1
2025-08-29 13:51:19.078,run_379,20.0,41943040,17361897475,,,1
2025-08-29 13:51:19.173,run_379,20.0,41943040,15371693567,,,1
2025-08-29 13:51:19.279,run_379,20.0,41943040,17412458638,,,1
2025-08-29 13:51:19.379,run_379,20.0,41943040,16103611004,,,1
2025-08-29 13:51:19.480,run_379,20.0,41943040,17782039737,,,1
2025-08-29 13:51:19.581,run_379,20.0,41943040,18369254540,,,1
2025-08-29 13:51:19.693,run_379,20.0,41943040,13480515341,,,1
2025-08-29 13:51:19.781,run_379,20.0,41943040,14324385659,,,1
2025-08-29 13:51:19.889,run_379,20.0,41943040,16119890829,,,1
2025-08-29 13:51:19.993,run_379,0.0,41943040,16943130549,,,1
2025-08-29 13:51:20.087,run_379,19.9,41943040,15136398485,,,1
2025-08-29 13:51:20.192,run_379,19.9,41943040,17094652691,,,1
2025-08-29 13:51:20.291,run_379,20.0,41943040,17447072839,,,1
2025-08-29 13:51:20.387,run_379,0.0,41943040,15991892205,,,1
2025-08-29 13:51:20.489,run_379,0.0,41943040,13204476383,,,1
2025-08-29 13:51:20.595,run_379,0.0,41943040,16630799865,,,1
2025-08-29 13:51:20.686,run_379,0.0,41943040,15994059100,,,1
2025-08-29 13:51:20.793,run_379,0.0,41943040,15243171943,,,1
2025-08-29 13:51:20.890,run_379,0.0,41943040,14255539031,,,1
2025-08-29 13:51:20.983,run_379,0.0,41943040,15640483459,,,1
2025-08-29 13:51:21.097,run_379,39.9,41943040,17244016210,,,1
2025-08-29 13:51:21.188,run_379,0.0,41943040,17048419340,,,1
2025-08-29 13:51:21.292,run_379,0.0,41943040,16499992759,,,1
2025-08-29 13:51:21.395,run_379,0.0,41943040,16677137585,,,1
2025-08-29 13:51:21.484,run_379,0.0,41943040,17441829520,,,1
2025-08-29 13:51:21.594,run_379,0.0,41943040,16000279920,,,1
2025-08-29 13:51:21.696,run_379,0.0,41943040,17069526234,,,1
2025-08-29 13:51:21.796,run_379,0.0,41943040,18961017705,,,1
2025-08-29 13:51:21.892,run_379,19.9,41943040,19161132591,,,1
2025-08-29 13:51:21.988,run_379,19.9,41943040,14652753152,,,1
2025-08-29 13:51:22.092,run_379,20.0,41943040,17896016487,,,1
2025-08-29 13:51:22.184,run_379,20.0,41943040,18177196401,,,1
2025-08-29 13:51:22.288,run_379,20.0,41943040,17838613272,,,1
2025-08-29 13:51:22.393,run_379,0.0,41943040,15723866178,,,1
2025-08-29 13:51:22.489,run_379,19.9,41943040,16207235549,,,1
2025-08-29 13:51:22.595,run_379,0.0,41943040,18403913772,,,1
2025-08-29 13:51:22.693,run_379,0.0,41943040,15138914451,,,1
2025-08-29 13:51:22.794,run_379,19.9,41943040,15647159399,,,1
2025-08-29 13:51:22.890,run_379,0.0,41943040,16163395101,,,1
2025-08-29 13:51:22.986,run_379,0.0,41943040,22102436755,,,1
2025-08-29 13:51:23.090,run_379,0.0,41943040,15440936381,,,1
2025-08-29 13:51:23.191,run_379,0.0,41943040,15385271193,,,1
2025-08-29 13:51:23.291,run_379,0.0,41943040,17314899560,,,1
2025-08-29 13:51:23.396,run_379,0.0,41943040,19806108085,,,1
2025-08-29 13:51:23.495,run_379,19.9,41943040,18371332367,,,1
2025-08-29 13:51:23.596,run_379,19.9,41943040,16845407051,,,1
2025-08-29 13:51:23.698,run_379,0.0,41943040,17440353612,,,1
2025-08-29 13:51:23.790,run_379,0.0,41943040,18635465100,,,1
2025-08-29 13:51:23.888,run_379,0.0,41943040,19133259269,,,1
2025-08-29 13:51:23.990,run_379,20.0,41943040,18965298082,,,1
2025-08-29 13:51:24.090,run_379,20.0,41943040,16602841923,,,1
2025-08-29 13:51:24.188,run_379,20.0,41943040,14781703625,,,1
2025-08-29 13:51:24.288,run_379,20.0,41943040,16122641235,,,1
2025-08-29 13:51:24.385,run_379,20.0,41943040,19199984346,,,1
2025-08-29 13:51:24.495,run_379,20.0,41943040,14420687996,,,1
2025-08-29 13:51:24.587,run_379,19.9,41943040,20406144714,,,1
2025-08-29 13:51:24.696,run_379,19.9,41943040,16211207587,,,1
2025-08-29 13:51:24.788,run_379,0.0,41943040,16892851392,,,1
2025-08-29 13:51:24.886,run_379,0.0,41943040,10624186080,,,1
2025-08-29 13:51:24.997,run_379,20.0,41943040,16373825289,,,1
2025-08-29 13:51:25.088,run_379,0.0,41943040,20034797416,,,1
2025-08-29 13:51:25.194,run_379,19.9,41943040,17188041899,,,1
2025-08-29 13:51:25.290,run_379,20.0,41943040,17100761243,,,1
2025-08-29 13:51:25.392,run_379,0.0,41943040,18606760986,,,1
2025-08-29 13:51:25.497,run_379,0.0,41943040,18270381015,,,1
2025-08-29 13:51:25.593,run_379,0.0,41943040,15529209637,,,1
2025-08-29 13:51:25.693,run_379,0.0,41943040,17731250409,,,1
2025-08-29 13:51:25.787,run_379,19.9,41943040,17418701102,,,1
2025-08-29 13:51:25.896,run_379,20.0,41943040,20393133713,,,1
2025-08-29 13:51:25.997,run_379,0.0,41943040,19019229085,,,1
2025-08-29 13:51:26.088,run_379,0.0,41943040,18621207019,,,1
2025-08-29 13:51:26.183,run_379,0.0,41943040,19781144102,,,1
2025-08-29 13:51:26.292,run_379,0.0,41943040,20016059438,,,1
2025-08-29 13:51:26.385,run_379,0.0,41943040,16641542237,,,1
2025-08-29 13:51:26.514,run_379,19.9,41943040,18662529619,,,1
2025-08-29 13:51:26.600,run_379,20.0,41943040,19858894926,,,1
2025-08-29 13:51:26.705,run_379,20.0,41943040,15511869507,,,1
2025-08-29 13:51:26.811,run_379,20.0,41943040,18167469035,,,1
2025-08-29 13:51:26.907,run_379,20.0,41943040,16968111430,,,1
2025-08-29 13:51:27.009,run_379,20.0,41943040,18110597197,,,1
2025-08-29 13:51:27.104,run_379,20.0,41943040,16476893594,,,1
2025-08-29 13:51:27.202,run_379,20.0,41943040,19696262423,,,1
2025-08-29 13:51:27.322,run_379,20.0,41943040,19412807312,,,1
2025-08-29 13:51:27.413,run_379,0.0,41943040,16326946536,,,1
2025-08-29 13:51:27.514,run_379,0.0,41943040,16934607412,,,1
2025-08-29 13:51:27.607,run_379,19.9,41943040,19387499376,,,1
2025-08-29 13:51:27.716,run_379,19.9,41943040,16018679554,,,1
2025-08-29 13:51:27.810,run_379,19.9,41943040,18786503060,,,1
2025-08-29 13:51:27.912,run_379,19.9,41943040,18080477376,,,1
2025-08-29 13:51:28.015,run_379,0.0,41943040,18436688532,,,1
2025-08-29 13:51:28.114,run_379,20.0,41943040,16360557425,,,1
2025-08-29 13:51:28.215,run_379,20.0,41943040,16853591302,,,1
2025-08-29 13:51:28.318,run_379,0.0,41943040,15662731699,,,1
2025-08-29 13:51:28.428,run_379,39.9,41943040,19129673661,,,1
2025-08-29 13:51:28.527,run_379,0.0,41943040,19248407287,,,1
2025-08-29 13:51:28.615,run_379,0.0,41943040,16758099660,,,1
2025-08-29 13:51:28.725,run_379,20.0,41943040,18397493873,,,1
2025-08-29 13:51:28.819,run_379,20.0,41943040,15102708915,,,1
2025-08-29 13:51:28.917,run_379,0.0,41943040,18837910479,,,1
2025-08-29 13:51:29.029,run_379,0.0,41943040,21670216250,,,1
2025-08-29 13:51:29.120,run_379,20.0,41943040,21537151270,,,1
2025-08-29 13:51:29.223,run_379,0.0,41943040,18207604734,,,1
2025-08-29 13:51:29.317,run_379,19.9,41943040,17353009982,,,1
2025-08-29 13:51:29.429,run_379,19.9,41943040,18178955754,,,1
2025-08-29 13:51:29.520,run_379,19.9,41943040,20225054430,,,1
2025-08-29 13:51:29.616,run_379,20.0,41943040,19025588297,,,1
2025-08-29 13:51:29.722,run_379,20.0,41943040,18828522196,,,1
2025-08-29 13:51:29.820,run_379,20.0,41943040,19621486813,,,1
2025-08-29 13:51:29.928,run_379,20.0,41943040,22590802120,,,1
2025-08-29 13:51:30.035,run_379,39.6,41943040,21344832963,,,1
2025-08-29 13:51:30.123,run_379,0.0,41943040,19937928965,,,1
2025-08-29 13:51:30.217,run_379,20.0,41943040,17092315712,,,1
2025-08-29 13:51:30.341,run_379,0.0,41943040,17652512065,,,1
2025-08-29 13:51:30.432,run_379,20.0,41943040,21777488320,,,1
2025-08-29 13:51:30.533,run_379,20.0,41943040,18927403771,,,1
2025-08-29 13:51:30.639,run_379,20.0,41943040,19664312661,,,1
2025-08-29 13:51:30.737,run_379,0.0,41943040,18630029943,,,1
2025-08-29 13:51:30.825,run_379,0.0,41943040,20644099742,,,1
2025-08-29 13:51:30.936,run_379,20.0,41943040,17516618168,,,1
2025-08-29 13:51:31.035,run_379,0.0,41943040,21282670582,,,1
2025-08-29 13:51:31.135,run_379,0.0,41943040,21301637781,,,1
2025-08-29 13:51:31.227,run_379,20.0,41943040,15359644439,,,1
2025-08-29 13:51:31.320,run_379,0.0,41943040,21975036484,,,1
2025-08-29 13:51:31.429,run_379,39.9,41943040,21073452319,,,1
2025-08-29 13:51:31.538,run_379,20.0,41943040,18840519956,,,1
2025-08-29 13:51:31.636,run_379,20.0,41943040,18642178336,,,1
2025-08-29 13:51:31.741,run_379,20.0,41943040,19707716768,,,1
2025-08-29 13:51:31.836,run_379,20.0,41943040,21442516557,,,1
2025-08-29 13:51:31.934,run_379,20.0,41943040,18231269263,,,1
2025-08-29 13:51:32.048,run_379,20.0,41943040,15662254864,,,1
2025-08-29 13:51:32.138,run_379,20.0,41943040,19547447157,,,1
2025-08-29 13:51:32.232,run_379,20.0,41943040,17839854899,,,1
2025-08-29 13:51:32.344,run_379,0.0,41943040,18453312569,,,1
2025-08-29 13:51:32.463,run_379,0.0,41943040,20214364890,,,1
2025-08-29 13:51:32.544,run_379,0.0,41943040,22360881091,,,1
2025-08-29 13:51:32.644,run_379,20.0,41943040,24589704009,,,1
2025-08-29 13:51:32.745,run_379,0.0,41943040,23655285400,,,1
2025-08-29 13:51:32.843,run_379,0.0,41943040,23471727036,,,1
2025-08-29 13:51:32.945,run_379,20.0,41943040,21504825194,,,1
2025-08-29 13:51:33.046,run_379,0.0,41943040,21621888802,,,1
2025-08-29 13:51:33.144,run_379,0.0,41943040,20273926446,,,1
2025-08-29 13:51:33.254,run_379,20.0,41943040,20132044387,,,1
2025-08-29 13:51:33.355,run_379,19.9,41943040,17366185990,,,1
2025-08-29 13:51:33.458,run_379,20.0,41943040,19008348899,,,1
2025-08-29 13:51:33.566,run_379,20.0,41943040,17888001120,,,1
2025-08-29 13:51:33.655,run_379,0.0,41943040,21605891722,,,1
2025-08-29 13:51:33.748,run_379,0.0,41943040,22198198349,,,1
2025-08-29 13:51:33.869,run_379,0.0,41943040,21580518825,,,1
2025-08-29 13:51:33.965,run_379,20.0,41943040,16765683870,,,1
2025-08-29 13:51:34.056,run_379,19.9,41943040,22175708757,,,1
2025-08-29 13:51:34.165,run_379,20.0,41943040,16687981475,,,1
2025-08-29 13:51:34.255,run_379,20.0,41943040,21124644674,,,1
2025-08-29 13:51:34.355,run_379,0.0,41943040,22743388482,,,1
2025-08-29 13:51:34.470,run_379,0.0,41943040,20651495960,,,1
2025-08-29 13:51:34.568,run_379,19.9,41943040,20221504359,,,1
2025-08-29 13:51:34.666,run_379,0.0,41943040,19657497887,,,1
2025-08-29 13:51:34.757,run_379,0.0,41943040,20520884753,,,1
2025-08-29 13:51:34.860,run_379,19.9,41943040,21565666065,,,1
2025-08-29 13:51:34.965,run_379,20.0,41943040,14267884273,,,1
2025-08-29 13:51:35.061,run_379,20.0,41943040,22669201992,,,1
2025-08-29 13:51:35.174,run_379,19.9,41943040,21230097057,,,1
2025-08-29 13:51:35.263,run_379,0.0,41943040,21118360204,,,1
2025-08-29 13:51:35.364,run_379,0.0,41943040,20237884575,,,1
2025-08-29 13:51:35.475,run_379,0.0,41943040,19385168654,,,1
2025-08-29 13:51:35.577,run_379,0.0,41943040,23058517482,,,1
2025-08-29 13:51:35.670,run_379,0.0,41943040,19619010098,,,1
2025-08-29 13:51:35.767,run_379,0.0,41943040,20142097672,,,1
2025-08-29 13:51:35.871,run_379,0.0,41943040,20867860077,,,1
2025-08-29 13:51:35.968,run_379,0.0,41943040,19868224071,,,1
2025-08-29 13:51:36.074,run_379,20.0,41943040,19021746151,,,1
2025-08-29 13:51:36.167,run_379,19.9,41943040,24100212150,,,1
2025-08-29 13:51:36.273,run_379,19.9,41943040,15974028036,,,1
2025-08-29 13:51:36.365,run_379,20.0,41943040,21215637261,,,1
2025-08-29 13:51:36.461,run_379,0.0,41943040,22336446951,,,1
2025-08-29 13:51:36.572,run_379,20.0,41943040,21246481695,,,1
2025-08-29 13:51:36.670,run_379,0.0,41943040,19602397760,,,1
2025-08-29 13:51:36.770,run_379,0.0,41943040,21864311992,,,1
2025-08-29 13:51:36.881,run_379,19.9,41943040,19586791630,,,1
2025-08-29 13:51:36.973,run_379,0.0,41943040,17291565066,,,1
2025-08-29 13:51:37.072,run_379,0.0,41943040,18648721004,,,1
2025-08-29 13:51:37.168,run_379,20.0,41943040,19215030249,,,1
2025-08-29 13:51:37.284,run_379,20.0,41943040,26598664244,,,1
2025-08-29 13:51:37.384,run_379,20.0,41943040,27142488278,,,1
2025-08-29 13:51:37.475,run_379,20.0,41943040,17313521462,,,1
2025-08-29 13:51:37.600,run_379,20.0,41943040,25866160152,,,1
2025-08-29 13:51:37.687,run_379,0.0,41943040,22007213329,,,1
2025-08-29 13:51:37.792,run_379,0.0,41943040,21778345485,,,1
2025-08-29 13:51:37.902,run_379,20.0,41943040,21089258984,,,1
2025-08-29 13:51:37.992,run_379,20.0,41943040,23739188400,,,1
2025-08-29 13:51:38.093,run_379,20.0,41943040,25356560940,,,1
2025-08-29 13:51:38.192,run_379,0.0,41943040,19611741199,,,1
2025-08-29 13:51:38.289,run_379,0.0,41943040,22337109002,,,1
2025-08-29 13:51:38.395,run_379,0.0,41943040,23846871462,,,1
2025-08-29 13:51:38.502,run_379,0.0,41943040,20762403915,,,1
2025-08-29 13:51:38.594,run_379,20.0,41943040,25218423543,,,1
2025-08-29 13:51:38.697,run_379,20.0,41943040,25894483887,,,1
2025-08-29 13:51:38.787,run_379,20.0,41943040,23736352995,,,1
2025-08-29 13:51:38.900,run_379,20.0,41943040,17464893373,,,1
2025-08-29 13:51:38.999,run_379,0.0,41943040,19676521608,,,1
2025-08-29 13:51:39.099,run_379,20.0,41943040,22306348814,,,1
2025-08-29 13:51:39.194,run_379,20.0,41943040,22223143950,,,1
2025-08-29 13:51:39.297,run_379,20.0,41943040,24929744312,,,1
2025-08-29 13:51:39.399,run_379,0.0,41943040,23661857844,,,1
2025-08-29 13:51:39.501,run_379,0.0,41943040,24279708654,,,1
2025-08-29 13:51:39.598,run_379,0.0,41943040,19521336530,,,1
2025-08-29 13:51:39.703,run_379,0.0,41943040,18612927059,,,1
2025-08-29 13:51:39.793,run_379,19.9,41943040,27900354923,,,1
2025-08-29 13:51:39.900,run_379,19.9,41943040,20837408623,,,1
2025-08-29 13:51:40.001,run_379,0.0,41943040,24084007242,,,1
2025-08-29 13:51:40.097,run_379,0.0,41943040,24920326571,,,1
2025-08-29 13:51:40.199,run_379,20.0,41943040,23679553062,,,1
2025-08-29 13:51:40.306,run_379,19.9,41943040,20301740497,,,1
2025-08-29 13:51:40.397,run_379,20.0,41943040,18348988125,,,1
2025-08-29 13:51:40.489,run_379,0.0,41943040,24087642716,,,1
2025-08-29 13:51:40.588,run_379,0.0,41943040,20159170439,,,1
2025-08-29 13:51:40.695,run_379,0.0,41943040,21412447681,,,1
2025-08-29 13:51:40.798,run_379,0.0,41943040,22039562128,,,1
2025-08-29 13:51:40.901,run_379,0.0,41943040,22078302297,,,1
2025-08-29 13:51:40.997,run_379,20.0,41943040,21520310741,,,1
2025-08-29 13:51:41.102,run_379,20.0,41943040,21734348498,,,1
2025-08-29 13:51:41.202,run_379,0.0,41943040,22233574514,,,1
2025-08-29 13:51:41.301,run_379,20.0,41943040,22136302171,,,1
2025-08-29 13:51:41.398,run_379,20.0,41943040,19359356880,,,1
2025-08-29 13:51:41.502,run_379,20.0,41943040,24212093574,,,1
2025-08-29 13:51:41.600,run_379,20.0,41943040,25772332452,,,1
2025-08-29 13:51:41.705,run_379,0.0,41943040,24036023314,,,1
2025-08-29 13:51:41.801,run_379,0.0,41943040,26547513097,,,1
2025-08-29 13:51:41.903,run_379,0.0,41943040,24264012402,,,1
2025-08-29 13:51:41.996,run_379,0.0,41943040,22626737664,,,1
2025-08-29 13:51:42.097,run_379,0.0,41943040,25201634548,,,1
2025-08-29 13:51:42.196,run_379,0.0,41943040,21494760594,,,1
2025-08-29 13:51:42.304,run_379,0.0,41943040,20890844452,,,1
2025-08-29 13:51:42.397,run_379,0.0,41943040,24282409642,,,1
2025-08-29 13:51:42.498,run_379,0.0,41943040,25254522216,,,1
2025-08-29 13:51:42.597,run_379,20.0,41943040,27595135620,,,1
2025-08-29 13:51:42.701,run_379,20.0,41943040,23378411687,,,1
2025-08-29 13:51:42.801,run_379,19.9,41943040,23490776344,,,1
2025-08-29 13:51:42.908,run_379,19.9,41943040,20934746481,,,1
2025-08-29 13:51:42.997,run_379,0.0,41943040,24769895718,,,1
2025-08-29 13:51:43.098,run_379,0.0,41943040,26348775570,,,1
2025-08-29 13:51:43.202,run_379,0.0,41943040,19850306768,,,1
2025-08-29 13:51:43.306,run_379,0.0,41943040,23904091899,,,1
2025-08-29 13:51:43.409,run_379,20.0,41943040,24980155704,,,1
2025-08-29 13:51:43.501,run_379,19.9,41943040,20909895850,,,1
2025-08-29 13:51:43.592,run_379,19.9,41943040,25478575139,,,1
2025-08-29 13:51:43.696,run_379,0.0,41943040,20035201636,,,1
2025-08-29 13:51:43.807,run_379,0.0,41943040,20002012820,,,1
2025-08-29 13:51:43.906,run_379,0.0,41943040,23477811435,,,1
2025-08-29 13:51:44.004,run_379,0.0,41943040,22350339508,,,1
2025-08-29 13:51:44.099,run_379,0.0,41943040,25723121270,,,1
2025-08-29 13:51:44.198,run_379,20.0,41943040,25365430467,,,1
2025-08-29 13:51:44.302,run_379,20.0,41943040,24264471528,,,1
2025-08-29 13:51:44.410,run_379,0.0,41943040,21128679312,,,1
2025-08-29 13:51:44.497,run_379,0.0,41943040,24840686602,,,1
2025-08-29 13:51:44.597,run_379,0.0,41943040,23999756210,,,1
2025-08-29 13:51:44.696,run_379,0.0,41943040,23907398990,,,1
2025-08-29 13:51:44.799,run_379,20.0,41943040,24294529455,,,1
2025-08-29 13:51:44.897,run_379,20.0,41943040,24760542585,,,1
2025-08-29 13:51:45.000,run_379,20.0,41943040,29533052000,,,1
2025-08-29 13:51:45.107,run_379,0.0,41943040,22054646318,,,1
2025-08-29 13:51:45.198,run_379,0.0,41943040,19653717693,,,1
2025-08-29 13:51:45.301,run_379,0.0,41943040,24612818634,,,1
2025-08-29 13:51:45.401,run_379,0.0,41943040,20158798327,,,1
2025-08-29 13:51:45.518,run_379,19.9,41943040,23804000596,,,1
2025-08-29 13:51:45.612,run_379,20.0,41943040,29701582948,,,1
2025-08-29 13:51:45.702,run_379,19.9,41943040,30866574043,,,1
2025-08-29 13:51:45.804,run_379,20.0,41943040,20916409827,,,1
2025-08-29 13:51:45.901,run_379,0.0,41943040,24749482569,,,1
2025-08-29 13:51:46.006,run_379,0.0,41943040,23442345496,,,1
2025-08-29 13:51:46.110,run_379,0.0,41943040,22607602500,,,1
2025-08-29 13:51:46.207,run_379,0.0,41943040,21519937026,,,1
2025-08-29 13:51:46.310,run_379,20.0,41943040,26050961845,,,1
2025-08-29 13:51:46.412,run_379,0.0,41943040,28803690773,,,1
2025-08-29 13:51:46.508,run_379,20.0,41943040,23317392576,,,1
2025-08-29 13:51:46.608,run_379,20.0,41943040,26714777441,,,1
2025-08-29 13:51:46.707,run_379,20.0,41943040,22233951660,,,1
2025-08-29 13:51:46.804,run_379,20.0,41943040,26994531973,,,1
2025-08-29 13:51:46.909,run_379,20.0,41943040,22452087900,,,1
2025-08-29 13:51:47.014,run_379,20.0,41943040,26436696705,,,1
2025-08-29 13:51:47.117,run_379,20.0,41943040,20355649607,,,1
2025-08-29 13:51:47.205,run_379,20.0,41943040,27269981549,,,1
2025-08-29 13:51:47.325,run_379,19.9,41943040,25382756795,,,1
2025-08-29 13:51:47.429,run_379,19.9,41943040,26305225932,,,1
2025-08-29 13:51:47.523,run_379,0.0,41943040,31933301234,,,1
2025-08-29 13:51:47.629,run_379,20.0,41943040,22100107480,,,1
2025-08-29 13:51:47.726,run_379,0.0,41943040,22066973034,,,1
2025-08-29 13:51:47.824,run_379,0.0,41943040,26365319404,,,1
2025-08-29 13:51:47.913,run_379,0.0,41943040,28842275703,,,1
2025-08-29 13:51:48.031,run_379,20.0,41943040,28635387039,,,1
2025-08-29 13:51:48.130,run_379,19.9,41943040,29209736013,,,1
2025-08-29 13:51:48.222,run_379,20.0,41943040,21310591512,,,1
2025-08-29 13:51:48.330,run_379,19.9,41943040,29346992665,,,1
2025-08-29 13:51:48.435,run_379,20.0,41943040,23397697972,,,1
2025-08-29 13:51:48.537,run_379,0.0,41943040,30504617057,,,1
2025-08-29 13:51:48.642,run_379,0.0,41943040,22451026271,,,1
2025-08-29 13:51:48.733,run_379,0.0,41943040,23520910681,,,1
2025-08-29 13:51:48.834,run_379,20.0,41943040,23369076829,,,1
2025-08-29 13:51:48.933,run_379,20.0,41943040,21972365531,,,1
2025-08-29 13:51:49.038,run_379,19.9,41943040,22773371446,,,1
2025-08-29 13:51:49.132,run_379,20.0,41943040,25703252382,,,1
2025-08-29 13:51:49.230,run_379,20.0,41943040,29007031982,,,1
2025-08-29 13:51:49.333,run_379,20.0,41943040,24954076224,,,1
2025-08-29 13:51:49.448,run_379,0.0,41943040,25526730999,,,1
2025-08-29 13:51:49.534,run_379,0.0,41943040,28976051880,,,1
2025-08-29 13:51:49.635,run_379,0.0,41943040,32716394563,,,1
2025-08-29 13:51:49.741,run_379,0.0,41943040,17704883750,,,1
2025-08-29 13:51:49.832,run_379,20.0,41943040,25655469312,,,1
2025-08-29 13:51:49.938,run_379,20.0,41943040,26650919118,,,1
2025-08-29 13:51:50.040,run_379,0.0,41943040,27201843727,,,1
2025-08-29 13:51:50.141,run_379,0.0,41943040,27167156785,,,1
2025-08-29 13:51:50.241,run_379,0.0,41943040,25704074592,,,1
2025-08-29 13:51:50.337,run_379,20.0,41943040,27865381095,,,1
2025-08-29 13:51:50.442,run_379,20.0,41943040,26588692363,,,1
2025-08-29 13:51:50.545,run_379,20.0,41943040,26515934874,,,1
2025-08-29 13:51:50.641,run_379,20.0,41943040,23867154367,,,1
2025-08-29 13:51:50.738,run_379,20.0,41943040,23877398369,,,1
2025-08-29 13:51:50.840,run_379,0.0,41943040,29292713723,,,1
2025-08-29 13:51:50.941,run_379,0.0,41943040,25171297915,,,1
2025-08-29 13:51:51.037,run_379,0.0,41943040,22567810464,,,1
2025-08-29 13:51:51.138,run_379,0.0,41943040,26669747902,,,1
2025-08-29 13:51:51.239,run_379,0.0,41943040,24447280455,,,1
2025-08-29 13:51:51.341,run_379,0.0,41943040,24706706526,,,1
2025-08-29 13:51:51.432,run_379,0.0,41943040,24984400027,,,1
2025-08-29 13:51:51.550,run_379,0.0,41943040,30642713194,,,1
2025-08-29 13:51:51.647,run_379,0.0,41943040,26987207295,,,1
2025-08-29 13:51:51.748,run_379,0.0,41943040,27913109022,,,1
2025-08-29 13:51:51.843,run_379,20.0,41943040,27190389644,,,1
2025-08-29 13:51:51.942,run_379,0.0,41943040,28545657367,,,1
2025-08-29 13:51:52.049,run_379,20.0,41943040,24748478975,,,1
2025-08-29 13:51:52.142,run_379,20.0,41943040,25188054062,,,1
2025-08-29 13:51:52.239,run_379,20.0,41943040,25598471124,,,1
2025-08-29 13:51:52.342,run_379,20.0,41943040,25204969914,,,1
2025-08-29 13:51:52.441,run_379,0.0,41943040,26229390438,,,1
2025-08-29 13:51:52.546,run_379,0.0,41943040,27180858162,,,1
2025-08-29 13:51:52.647,run_379,20.0,41943040,32050927920,,,1
2025-08-29 13:51:52.756,run_379,19.9,41943040,24629972956,,,1
2025-08-29 13:51:52.847,run_379,20.0,41943040,21461460253,,,1
2025-08-29 13:51:52.948,run_379,20.0,41943040,30489187845,,,1
2025-08-29 13:51:53.061,run_379,20.0,41943040,24487226955,,,1
2025-08-29 13:51:53.151,run_379,0.0,41943040,23318421360,,,1
2025-08-29 13:51:53.258,run_379,0.0,41943040,27116182072,,,1
2025-08-29 13:51:53.354,run_379,0.0,41943040,30506828877,,,1
2025-08-29 13:51:53.450,run_379,0.0,41943040,26065329314,,,1
2025-08-29 13:51:53.553,run_379,0.0,41943040,29157273980,,,1
2025-08-29 13:51:53.649,run_379,20.0,41943040,23817962519,,,1
2025-08-29 13:51:53.756,run_379,20.0,41943040,28979246048,,,1
2025-08-29 13:51:53.861,run_379,20.0,41943040,25188432182,,,1
2025-08-29 13:51:53.965,run_379,20.0,41943040,27446812455,,,1
2025-08-29 13:51:54.057,run_379,20.0,41943040,29791570545,,,1
2025-08-29 13:51:54.167,run_379,20.0,41943040,25698183616,,,1
2025-08-29 13:51:54.251,run_379,0.0,41943040,25588316695,,,1
2025-08-29 13:51:54.359,run_379,0.0,41943040,25103453504,,,1
2025-08-29 13:51:54.468,run_379,20.0,41943040,25242604763,,,1
2025-08-29 13:51:54.567,run_379,0.0,41943040,27122429674,,,1
2025-08-29 13:51:54.666,run_379,20.0,41943040,24467353438,,,1
2025-08-29 13:51:54.762,run_379,0.0,41943040,29440804848,,,1
2025-08-29 13:51:54.866,run_379,0.0,41943040,31383879600,,,1
2025-08-29 13:51:54.961,run_379,0.0,41943040,30279034784,,,1
2025-08-29 13:51:55.073,run_379,0.0,41943040,24152396881,,,1
2025-08-29 13:51:55.160,run_379,0.0,41943040,25202029887,,,1
2025-08-29 13:51:55.270,run_379,0.0,41943040,22927503940,,,1
2025-08-29 13:51:55.366,run_379,0.0,41943040,25669127830,,,1
2025-08-29 13:51:55.470,run_379,0.0,41943040,29093268767,,,1
2025-08-29 13:51:55.561,run_379,19.9,41943040,27601640703,,,1
2025-08-29 13:51:55.664,run_379,20.0,41943040,27693344038,,,1
2025-08-29 13:51:55.772,run_379,20.0,41943040,29663922562,,,1
2025-08-29 13:51:55.866,run_379,20.0,41943040,23149103451,,,1
2025-08-29 13:51:55.966,run_379,19.9,41943040,29801252880,,,1
2025-08-29 13:51:56.069,run_379,20.0,41943040,28235884850,,,1
2025-08-29 13:51:56.173,run_379,19.9,41943040,28383785528,,,1
2025-08-29 13:51:56.264,run_379,20.0,41943040,27046701879,,,1
2025-08-29 13:51:56.377,run_379,20.0,41943040,26483994634,,,1
2025-08-29 13:51:56.474,run_379,20.0,41943040,25514744337,,,1
2025-08-29 13:51:56.569,run_379,20.0,41943040,27119548156,,,1
2025-08-29 13:51:56.680,run_379,20.0,41943040,31317995016,,,1
2025-08-29 13:51:56.772,run_379,0.0,41943040,24266498571,,,1
2025-08-29 13:51:56.869,run_379,20.0,41943040,30146650429,,,1
2025-08-29 13:51:56.965,run_379,20.0,41943040,25936872912,,,1
2025-08-29 13:51:57.066,run_379,0.0,41943040,29724281727,,,1
2025-08-29 13:51:57.177,run_379,0.0,41943040,26775336120,,,1
2025-08-29 13:51:57.274,run_379,0.0,41943040,28322011515,,,1
2025-08-29 13:51:57.381,run_379,0.0,41943040,27702026127,,,1
2025-08-29 13:51:57.469,run_379,0.0,41943040,24423069786,,,1
2025-08-29 13:51:57.575,run_379,0.0,41943040,30470804325,,,1
2025-08-29 13:51:57.675,run_379,0.0,41943040,23525784645,,,1
2025-08-29 13:51:57.771,run_379,0.0,41943040,34612804270,,,1
2025-08-29 13:51:57.871,run_379,0.0,41943040,30136291546,,,1
2025-08-29 13:51:57.976,run_379,0.0,41943040,25724103146,,,1
2025-08-29 13:51:58.076,run_379,0.0,41943040,31062344627,,,1
2025-08-29 13:51:58.179,run_379,0.0,41943040,34122470770,,,1
2025-08-29 13:51:58.282,run_379,20.0,41943040,26537453882,,,1
2025-08-29 13:51:58.376,run_379,0.0,41943040,30447169144,,,1
2025-08-29 13:51:58.474,run_379,0.0,41943040,25836616923,,,1
2025-08-29 13:51:58.574,run_379,20.0,41943040,27230500365,,,1
2025-08-29 13:51:58.680,run_379,20.0,41943040,30967195952,,,1
2025-08-29 13:51:58.772,run_379,20.0,41943040,26533186942,,,1
2025-08-29 13:51:58.872,run_379,20.0,41943040,27002032749,,,1
2025-08-29 13:51:58.995,run_379,20.0,41943040,29792235258,,,1
2025-08-29 13:51:59.087,run_379,0.0,41943040,20532009309,,,1
2025-08-29 13:51:59.195,run_379,0.0,41943040,31323361999,,,1
2025-08-29 13:51:59.292,run_379,0.0,41943040,26564567824,,,1
2025-08-29 13:51:59.396,run_379,20.0,41943040,29701316624,,,1
2025-08-29 13:51:59.488,run_379,20.0,41943040,30103581760,,,1
2025-08-29 13:51:59.601,run_379,0.0,41943040,29142386072,,,1
2025-08-29 13:51:59.705,run_379,0.0,41943040,31603200934,,,1
2025-08-29 13:51:59.821,run_379,20.0,41943040,26048352363,,,1
2025-08-29 13:51:59.922,run_379,20.0,41943040,24678928057,,,1
2025-08-29 13:52:00.023,run_379,20.0,41943040,32760822720,,,1
2025-08-29 13:52:00.113,run_379,20.0,41943040,32493669791,,,1
2025-08-29 13:52:00.219,run_379,20.0,41943040,22516376714,,,1
2025-08-29 13:52:00.313,run_379,20.0,41943040,24897121285,,,1
2025-08-29 13:52:00.424,run_379,20.0,41943040,28432545688,,,1
2025-08-29 13:52:00.526,run_379,20.0,41943040,27702592267,,,1
2025-08-29 13:52:00.612,run_379,20.0,41943040,29663432924,,,1
2025-08-29 13:52:00.715,run_379,20.0,41943040,26796719763,,,1
2025-08-29 13:52:00.814,run_379,20.0,41943040,23238267800,,,1
2025-08-29 13:52:00.926,run_379,20.0,41943040,29513539401,,,1
2025-08-29 13:52:01.011,run_379,20.0,41943040,29011492349,,,1
2025-08-29 13:52:01.120,run_379,20.0,41943040,32889694247,,,1
2025-08-29 13:52:01.225,run_379,20.0,41943040,24905166331,,,1
2025-08-29 13:52:01.330,run_379,20.0,41943040,32613874754,,,1
2025-08-29 13:52:01.421,run_379,0.0,41943040,27512034225,,,1
2025-08-29 13:52:01.516,run_379,0.0,41943040,28486136737,,,1
2025-08-29 13:52:01.622,run_379,0.0,41943040,24310714936,,,1
2025-08-29 13:52:01.721,run_379,0.0,41943040,30999004870,,,1
2025-08-29 13:52:01.827,run_379,0.0,41943040,39737574756,,,1
2025-08-29 13:52:01.927,run_379,0.0,41943040,32282497519,,,1
2025-08-29 13:52:02.031,run_379,0.0,41943040,27048262963,,,1
2025-08-29 13:52:02.122,run_379,0.0,41943040,32664966657,,,1
2025-08-29 13:52:02.219,run_379,0.0,41943040,27330096369,,,1
2025-08-29 13:52:02.319,run_379,0.0,41943040,27509523180,,,1
2025-08-29 13:52:02.428,run_379,20.0,41943040,31473328237,,,1
2025-08-29 13:52:02.520,run_379,20.0,41943040,29369109882,,,1
2025-08-29 13:52:02.623,run_379,20.0,41943040,31386101564,,,1
2025-08-29 13:52:02.730,run_379,20.0,41943040,28959149933,,,1
2025-08-29 13:52:02.824,run_379,20.0,41943040,32233518164,,,1
2025-08-29 13:52:02.926,run_379,20.0,41943040,32387581051,,,1
2025-08-29 13:52:03.023,run_379,20.0,41943040,31666382447,,,1
2025-08-29 13:52:03.115,run_379,0.0,41943040,27954674344,,,1
2025-08-29 13:52:03.215,run_379,20.0,41943040,32669560930,,,1
2025-08-29 13:52:03.325,run_379,20.0,41943040,30351977500,,,1
2025-08-29 13:52:03.424,run_379,20.0,41943040,34021280849,,,1
2025-08-29 13:52:03.527,run_379,20.0,41943040,31735483072,,,1
2025-08-29 13:52:03.620,run_379,0.0,41943040,36710331617,,,1
2025-08-29 13:52:03.720,run_379,0.0,41943040,31735705391,,,1
2025-08-29 13:52:03.829,run_379,0.0,41943040,29275148000,,,1
2025-08-29 13:52:03.923,run_379,0.0,41943040,28842162849,,,1
2025-08-29 13:52:04.020,run_379,0.0,41943040,34353631122,,,1
2025-08-29 13:52:04.136,run_379,20.0,41943040,33467187759,,,1
2025-08-29 13:52:04.232,run_379,20.0,41943040,36456191792,,,1
2025-08-29 13:52:04.323,run_379,20.0,41943040,32017712099,,,1
2025-08-29 13:52:04.434,run_379,20.0,41943040,32154569255,,,1
2025-08-29 13:52:04.518,run_379,20.0,41943040,26819496958,,,1
2025-08-29 13:52:04.621,run_379,20.0,41943040,30197724479,,,1
2025-08-29 13:52:04.729,run_379,20.0,41943040,31051961378,,,1
2025-08-29 13:52:04.829,run_379,20.0,41943040,30184397419,,,1
2025-08-29 13:52:04.927,run_379,20.0,41943040,32219836396,,,1
2025-08-29 13:52:05.030,run_379,20.0,41943040,32869751064,,,1
2025-08-29 13:52:05.130,run_379,20.0,41943040,35141894814,,,1
2025-08-29 13:52:05.221,run_379,19.9,41943040,29341669227,,,1
2025-08-29 13:52:05.330,run_379,20.0,41943040,33460864752,,,1
2025-08-29 13:52:05.423,run_379,20.0,41943040,31286413903,,,1
2025-08-29 13:52:05.532,run_379,0.0,41943040,26619393906,,,1
2025-08-29 13:52:05.633,run_379,20.0,41943040,33077913378,,,1
2025-08-29 13:52:05.736,run_379,20.0,41943040,26309356740,,,1
2025-08-29 13:52:05.845,run_379,20.0,41943040,26085190538,,,1
2025-08-29 13:52:05.931,run_379,20.0,41943040,26587560460,,,1
2025-08-29 13:52:06.035,run_379,19.9,41943040,32453932813,,,1
2025-08-29 13:52:06.146,run_379,20.0,41943040,35557032959,,,1
2025-08-29 13:52:06.235,run_379,20.0,41943040,28727421825,,,1
2025-08-29 13:52:06.339,run_379,20.0,41943040,31194500584,,,1
2025-08-29 13:52:06.441,run_379,20.0,41943040,30130765838,,,1
2025-08-29 13:52:06.540,run_379,20.0,41943040,32583977002,,,1
2025-08-29 13:52:06.633,run_379,20.0,41943040,24826162615,,,1
2025-08-29 13:52:06.742,run_379,20.0,41943040,27815816043,,,1
2025-08-29 13:52:06.840,run_379,20.0,41943040,33403571147,,,1
2025-08-29 13:52:06.943,run_379,20.0,41943040,27660812994,,,1
2025-08-29 13:52:07.041,run_379,20.0,41943040,30643674666,,,1
2025-08-29 13:52:07.138,run_379,20.0,41943040,32830418902,,,1
2025-08-29 13:52:07.236,run_379,0.0,41943040,29848192374,,,1
2025-08-29 13:52:07.334,run_379,20.0,41943040,29562191429,,,1
2025-08-29 13:52:07.439,run_379,20.0,41943040,31700344059,,,1
2025-08-29 13:52:07.532,run_379,20.0,41943040,30320458533,,,1
2025-08-29 13:52:07.642,run_379,0.0,41943040,29337456199,,,1
2025-08-29 13:52:07.748,run_379,0.0,41943040,29826584178,,,1
2025-08-29 13:52:07.838,run_379,20.0,41943040,29489161637,,,1
2025-08-29 13:52:07.938,run_379,20.0,41943040,33004002055,,,1
2025-08-29 13:52:08.034,run_379,0.0,41943040,33882192272,,,1
2025-08-29 13:52:08.141,run_379,0.0,41943040,32023791033,,,1
2025-08-29 13:52:08.240,run_379,0.0,41943040,30709905651,,,1
2025-08-29 13:52:08.344,run_379,0.0,41943040,25230018360,,,1
2025-08-29 13:52:08.440,run_379,0.0,41943040,31390427056,,,1
2025-08-29 13:52:08.549,run_379,0.0,41943040,28748066550,,,1
2025-08-29 13:52:08.643,run_379,0.0,41943040,28998302328,,,1
2025-08-29 13:52:08.749,run_379,0.0,41943040,31419417032,,,1
2025-08-29 13:52:08.835,run_379,0.0,41943040,35754955200,,,1
2025-08-29 13:52:08.943,run_379,20.0,41943040,28611359634,,,1
2025-08-29 13:52:09.039,run_379,0.0,41943040,31083310442,,,1
2025-08-29 13:52:09.142,run_379,0.0,41943040,30553333536,,,1
2025-08-29 13:52:09.245,run_379,0.0,41943040,32951641516,,,1
2025-08-29 13:52:09.342,run_379,0.0,41943040,31418401327,,,1
2025-08-29 13:52:09.448,run_379,0.0,41943040,28454718427,,,1
2025-08-29 13:52:09.542,run_379,0.0,41943040,34203105860,,,1
2025-08-29 13:52:09.651,run_379,0.0,41943040,29816816690,,,1
2025-08-29 13:52:09.740,run_379,0.0,41943040,31138814385,,,1
2025-08-29 13:52:09.838,run_379,0.0,41943040,30230037621,,,1
2025-08-29 13:52:09.981,run_379,19.9,41943040,35172621840,,,1
2025-08-29 13:52:10.069,run_379,20.0,41943040,29031763266,,,1
2025-08-29 13:52:10.172,run_379,20.0,41943040,34578277686,,,1
2025-08-29 13:52:10.276,run_379,0.0,41943040,37499606388,,,1
2025-08-29 13:52:10.379,run_379,20.0,41943040,37922719946,,,1
2025-08-29 13:52:10.470,run_379,20.0,41943040,30666917969,,,1
2025-08-29 13:52:10.571,run_379,20.0,41943040,33640480566,,,1
2025-08-29 13:52:10.676,run_379,20.0,41943040,30742991807,,,1
2025-08-29 13:52:10.771,run_379,20.0,41943040,30269064432,,,1
2025-08-29 13:52:10.869,run_379,19.9,41943040,32166097014,,,1
2025-08-29 13:52:10.970,run_379,20.0,41943040,32215397362,,,1
2025-08-29 13:52:11.084,run_379,19.9,41943040,27588864884,,,1
2025-08-29 13:52:11.171,run_379,20.0,41943040,38721683098,,,1
2025-08-29 13:52:11.275,run_379,20.0,41943040,35379699124,,,1
2025-08-29 13:52:11.370,run_379,20.0,41943040,31835936541,,,1
2025-08-29 13:52:11.481,run_379,20.0,41943040,34633592280,,,1
2025-08-29 13:52:11.579,run_379,20.0,41943040,34022436234,,,1
2025-08-29 13:52:11.683,run_379,20.0,41943040,38663240168,,,1
2025-08-29 13:52:11.786,run_379,19.9,41943040,32337648139,,,1
2025-08-29 13:52:11.871,run_379,0.0,41943040,33770878889,,,1
2025-08-29 13:52:11.980,run_379,20.0,41943040,33319384095,,,1
2025-08-29 13:52:12.076,run_379,20.0,41943040,33370940218,,,1
2025-08-29 13:52:12.178,run_379,20.0,42106880,38168751424,,,1
2025-08-29 13:52:12.275,run_379,20.0,42106880,34224274161,,,1
2025-08-29 13:52:12.376,run_379,20.0,42106880,30794943780,,,1
2025-08-29 13:52:12.470,run_379,20.0,42106880,34827710976,,,1
2025-08-29 13:52:12.578,run_379,19.9,42106880,33450570972,,,1
2025-08-29 13:52:12.681,run_379,20.0,42106880,28599857712,,,1
2025-08-29 13:52:12.776,run_379,20.0,42106880,40692713362,,,1
2025-08-29 13:52:12.881,run_379,0.0,42106880,31891872809,,,1
2025-08-29 13:52:12.980,run_379,0.0,42106880,40622974220,,,1
2025-08-29 13:52:13.076,run_379,0.0,42106880,29740191803,,,1
2025-08-29 13:52:13.178,run_379,0.0,42106880,37576302318,,,1
2025-08-29 13:52:13.284,run_379,0.0,42106880,34312733472,,,1
2025-08-29 13:52:13.378,run_379,20.0,42106880,37570273950,,,1
2025-08-29 13:52:13.490,run_379,20.0,42106880,33962162751,,,1
2025-08-29 13:52:13.585,run_379,20.0,42106880,36010481025,,,1
2025-08-29 13:52:13.683,run_379,20.0,42106880,36500549900,,,1
2025-08-29 13:52:13.792,run_379,19.9,42106880,31088136575,,,1
2025-08-29 13:52:13.902,run_379,19.9,42106880,32691588741,,,1
2025-08-29 13:52:13.996,run_379,0.0,42106880,36952449844,,,1
2025-08-29 13:52:14.090,run_379,0.0,42106880,31661329356,,,1
2025-08-29 13:52:14.198,run_379,0.0,42106880,29386451676,,,1
2025-08-29 13:52:14.300,run_379,20.0,42106880,29953989301,,,1
2025-08-29 13:52:14.396,run_379,0.0,42106880,38482493608,,,1
2025-08-29 13:52:14.499,run_379,0.0,42106880,32562716003,,,1
2025-08-29 13:52:14.600,run_379,0.0,42106880,33248252949,,,1
2025-08-29 13:52:14.690,run_379,0.0,42106880,35553033835,,,1
2025-08-29 13:52:14.792,run_379,20.0,42106880,32839586190,,,1
2025-08-29 13:52:14.902,run_379,19.9,42106880,27626258908,,,1
2025-08-29 13:52:14.993,run_379,20.0,42106880,33843637061,,,1
2025-08-29 13:52:15.091,run_379,20.0,42106880,39719231748,,,1
2025-08-29 13:52:15.198,run_379,39.9,42106880,33720602022,,,1
2025-08-29 13:52:15.293,run_379,20.0,42106880,37378729311,,,1
2025-08-29 13:52:15.396,run_379,20.0,42106880,41165251184,,,1
2025-08-29 13:52:15.489,run_379,0.0,42106880,31202673301,,,1
2025-08-29 13:52:15.597,run_379,20.0,42106880,35353317575,,,1
2025-08-29 13:52:15.698,run_379,0.0,42106880,31205251678,,,1
2025-08-29 13:52:15.788,run_379,0.0,42106880,32484839412,,,1
2025-08-29 13:52:15.893,run_379,0.0,42106880,37207406556,,,1
2025-08-29 13:52:15.995,run_379,20.0,42106880,34093022080,,,1
2025-08-29 13:52:16.098,run_379,0.0,42106880,36276200122,,,1
2025-08-29 13:52:16.201,run_379,20.0,42106880,33283189651,,,1
2025-08-29 13:52:16.295,run_379,0.0,42106880,38194179156,,,1
2025-08-29 13:52:16.395,run_379,20.0,42106880,37913792680,,,1
2025-08-29 13:52:16.497,run_379,0.0,42106880,34363051857,,,1
2025-08-29 13:52:16.589,run_379,0.0,42106880,31742933869,,,1
2025-08-29 13:52:16.698,run_379,0.0,42106880,34295706304,,,1
2025-08-29 13:52:16.795,run_379,0.0,42106880,35366409239,,,1
2025-08-29 13:52:16.899,run_379,0.0,42106880,39218184435,,,1
2025-08-29 13:52:16.995,run_379,39.9,42106880,30088067395,,,1
2025-08-29 13:52:17.107,run_379,0.0,42106880,30904914040,,,1
2025-08-29 13:52:17.201,run_379,20.0,42106880,31196197687,,,1
2025-08-29 13:52:17.301,run_379,20.0,42106880,29406650511,,,1
2025-08-29 13:52:17.392,run_379,20.0,42106880,34026134083,,,1
2025-08-29 13:52:17.513,run_379,20.0,42106880,31176204213,,,1
2025-08-29 13:52:17.595,run_379,20.0,42106880,36331494600,,,1
2025-08-29 13:52:17.699,run_379,20.0,42106880,32008733349,,,1
2025-08-29 13:52:17.800,run_379,20.0,42106880,37929125952,,,1
2025-08-29 13:52:17.902,run_379,20.0,42106880,33651869044,,,1
2025-08-29 13:52:17.999,run_379,20.0,42106880,35750477441,,,1
2025-08-29 13:52:18.108,run_379,20.0,42106880,30538139362,,,1
2025-08-29 13:52:18.204,run_379,20.0,42106880,29730094122,,,1
2025-08-29 13:52:18.315,run_379,20.0,42106880,32698479003,,,1
2025-08-29 13:52:18.402,run_379,19.9,42106880,34979969655,,,1
2025-08-29 13:52:18.505,run_379,19.9,42106880,35244808959,,,1
2025-08-29 13:52:18.605,run_379,0.0,42106880,40809238816,,,1
2025-08-29 13:52:18.707,run_379,20.0,42106880,37092702822,,,1
2025-08-29 13:52:18.805,run_379,20.0,42106880,36318885060,,,1
2025-08-29 13:52:18.902,run_379,20.0,42106880,36869287362,,,1
2025-08-29 13:52:19.009,run_379,20.0,42106880,33827592982,,,1
2025-08-29 13:52:19.107,run_379,20.0,42106880,32084083339,,,1
2025-08-29 13:52:19.214,run_379,0.0,42106880,37041085927,,,1
2025-08-29 13:52:19.309,run_379,20.0,42106880,29751089161,,,1
2025-08-29 13:52:19.404,run_379,20.0,42106880,30803116500,,,1
2025-08-29 13:52:19.506,run_379,20.0,42106880,37925738494,,,1
2025-08-29 13:52:19.598,run_379,20.0,42106880,31230741079,,,1
2025-08-29 13:52:19.700,run_379,0.0,42106880,36556518282,,,1
2025-08-29 13:52:19.816,run_379,0.0,42106880,35312160437,,,1
2025-08-29 13:52:19.923,run_379,20.0,42106880,33264846972,,,1
2025-08-29 13:52:20.016,run_379,20.0,42106880,39429316976,,,1
2025-08-29 13:52:20.110,run_379,20.0,42106880,34994546787,,,1
2025-08-29 13:52:20.215,run_379,20.0,42106880,30789143464,,,1
2025-08-29 13:52:20.317,run_379,0.0,42106880,33908448140,,,1
2025-08-29 13:52:20.414,run_379,20.0,42106880,38735206240,,,1
2025-08-29 13:52:20.525,run_379,0.0,42106880,35082052505,,,1
2025-08-29 13:52:20.614,run_379,0.0,42106880,34862921866,,,1
2025-08-29 13:52:20.734,run_379,20.0,42106880,39618890062,,,1
2025-08-29 13:52:20.826,run_379,0.0,42106880,32482921110,,,1
2025-08-29 13:52:20.925,run_379,0.0,42106880,32243081622,,,1
2025-08-29 13:52:21.030,run_379,0.0,42106880,38211695082,,,1
2025-08-29 13:52:21.124,run_379,20.0,42106880,34643822849,,,1
2025-08-29 13:52:21.225,run_379,20.0,42106880,33279931509,,,1
2025-08-29 13:52:21.336,run_379,20.0,42106880,32010889311,,,1
2025-08-29 13:52:21.429,run_379,0.0,42106880,38010025755,,,1
2025-08-29 13:52:21.538,run_379,19.9,42106880,34660799130,,,1
2025-08-29 13:52:21.630,run_379,0.0,42106880,45032439750,,,1
2025-08-29 13:52:21.727,run_379,0.0,42270720,40143794532,,,1
2025-08-29 13:52:21.826,run_379,20.0,42270720,35343180782,,,1
2025-08-29 13:52:21.935,run_379,0.0,42270720,35318436738,,,1
2025-08-29 13:52:22.027,run_379,20.0,42270720,40194420903,,,1
2025-08-29 13:52:22.136,run_379,0.0,42270720,35523006749,,,1
2025-08-29 13:52:22.220,run_379,0.0,42270720,39101895177,,,1
2025-08-29 13:52:22.332,run_379,20.0,42270720,30617500336,,,1
2025-08-29 13:52:22.442,run_379,0.0,42270720,29678112013,,,1
2025-08-29 13:52:22.538,run_379,0.0,42270720,36709704600,,,1
2025-08-29 13:52:22.636,run_379,0.0,42270720,32508801599,,,1
2025-08-29 13:52:22.739,run_379,0.0,42270720,35969000999,,,1
2025-08-29 13:52:22.833,run_379,0.0,42270720,26319739053,,,1
2025-08-29 13:52:22.941,run_379,0.0,42270720,31156208088,,,1
2025-08-29 13:52:23.025,run_379,0.0,42270720,34330051550,,,1
2025-08-29 13:52:23.135,run_379,0.0,42270720,39540594738,,,1
2025-08-29 13:52:23.236,run_379,0.0,42270720,32739874773,,,1
2025-08-29 13:52:23.347,run_379,0.0,42270720,34566032983,,,1
2025-08-29 13:52:23.436,run_379,0.0,42270720,37097101675,,,1
2025-08-29 13:52:23.541,run_379,20.0,42270720,31768508015,,,1
2025-08-29 13:52:23.638,run_379,0.0,42270720,32546481645,,,1
2025-08-29 13:52:23.738,run_379,0.0,42270720,33547568730,,,1
2025-08-29 13:52:23.840,run_379,0.0,42270720,37715137747,,,1
2025-08-29 13:52:23.941,run_379,0.0,42270720,36413346725,,,1
2025-08-29 13:52:24.041,run_379,20.0,42270720,38690900442,,,1
2025-08-29 13:52:24.134,run_379,0.0,42270720,43266848553,,,1
2025-08-29 13:52:24.237,run_379,0.0,42270720,43828149480,,,1
2025-08-29 13:52:24.340,run_379,0.0,42270720,37369226336,,,1
2025-08-29 13:52:24.446,run_379,0.0,42270720,35249348192,,,1
2025-08-29 13:52:24.544,run_379,0.0,42270720,36612495256,,,1
2025-08-29 13:52:24.642,run_379,0.0,42270720,35007412367,,,1
2025-08-29 13:52:24.729,run_379,0.0,42270720,42858994990,,,1
2025-08-29 13:52:24.837,run_379,20.0,42270720,39151191970,,,1
2025-08-29 13:52:24.947,run_379,0.0,42270720,36059676455,,,1
2025-08-29 13:52:25.040,run_379,20.0,42270720,36161285296,,,1
2025-08-29 13:52:25.141,run_379,0.0,42270720,39438194985,,,1
2025-08-29 13:52:25.239,run_379,0.0,42270720,33904798721,,,1
2025-08-29 13:52:25.343,run_379,20.0,42270720,39904857600,,,1
2025-08-29 13:52:25.441,run_379,0.0,42270720,35710687361,,,1
2025-08-29 13:52:25.536,run_379,20.0,42270720,36615279573,,,1
2025-08-29 13:52:25.637,run_379,0.0,42270720,32242297518,,,1
2025-08-29 13:52:25.740,run_379,0.0,42270720,35719167511,,,1
2025-08-29 13:52:25.839,run_379,0.0,42270720,42333477766,,,1
2025-08-29 13:52:25.936,run_379,0.0,42270720,36284935823,,,1
2025-08-29 13:52:26.035,run_379,0.0,42270720,35510106375,,,1
2025-08-29 13:52:26.140,run_379,0.0,42270720,33912694237,,,1
2025-08-29 13:52:26.236,run_379,20.0,42270720,38156846975,,,1
2025-08-29 13:52:26.342,run_379,0.0,42270720,35316595648,,,1
2025-08-29 13:52:26.438,run_379,0.0,42270720,36986542432,,,1
2025-08-29 13:52:26.543,run_379,20.0,42270720,31242118140,,,1
2025-08-29 13:52:26.639,run_379,0.0,42270720,42600516661,,,1
2025-08-29 13:52:26.740,run_379,20.0,42270720,40613390286,,,1
