Date,CPU Utilization,Total Power,CPU Power,GPU Power
2025-09-09 09:52:25,0.09160696008188,32.26374000000185,0.08374000000185,32.18000000000000
2025-09-09 09:52:26,0.10378323108384,32.28404499999597,0.08404499999597,32.20000000000000
2025-09-09 09:52:27,0.15903242408646,31.77398399999715,0.08398399999714,31.69000000000000
2025-09-09 09:52:28,0.13887480993411,31.77325199999672,0.08325199999672,31.69000000000000
2025-09-09 09:52:29,0.12672457843638,32.15605900000839,0.08605900000839,32.07000000000000
2025-09-09 09:52:30,0.13098878695209,32.17386300000712,0.08386300000711,32.09000000000000
2025-09-09 09:52:31,0.12921348314607,32.17489900000859,0.08489900000859,32.09000000000000
2025-09-09 09:52:32,0.14380418154003,32.34294600000954,0.08294600000954,32.26000000000000
2025-09-09 09:52:33,0.12551020408163,32.07374000000185,0.08374000000185,31.99000000000000
2025-09-09 09:52:34,0.12333674513818,32.27367900000303,0.08367900000303,32.19000000000000
2025-09-09 09:52:35,0.12314007183171,32.30270299999276,0.08270299999276,32.22000000000000
2025-09-09 09:52:36,0.12397959183673,32.35294599999499,0.08294599999499,32.27000000000000
2025-09-09 09:52:37,0.12321063394683,32.23337399999436,0.08337399999436,32.15000000000000
2025-09-09 09:52:38,0.12857142857143,32.29367900000303,0.08367900000303,32.21000000000000
2025-09-09 09:52:39,0.12468063362289,32.27361800000421,0.08361800000421,32.19000000000000
2025-09-09 09:52:40,0.12178828365879,32.21422800000699,0.08422800000699,32.13000000000000
2025-09-09 09:52:41,0.12704081632653,32.15343499999319,0.08343499999319,32.07000000000000
2025-09-09 09:52:42,0.13186249358645,32.25258000000206,0.08258000000205,32.17000000000000
2025-09-09 09:52:43,0.12665985699694,32.10374000000186,0.08374000000185,32.02000000000000
2025-09-09 09:52:44,0.12774655084313,31.97361799998966,0.08361799998966,31.89000000000000
2025-09-09 09:52:45,0.12857142857143,31.81361800000421,0.08361800000421,31.73000000000000
2025-09-09 09:52:46,0.13425216947422,31.77270299999276,0.08270299999276,31.69000000000000
2025-09-09 09:52:47,0.12977099236641,31.71367900000303,0.08367900000303,31.63000000000000
2025-09-09 09:52:48,0.12359550561798,31.76398399999714,0.08398399999714,31.68000000000000
2025-09-09 09:52:49,0.11350796096559,31.86434999999008,0.08434999999008,31.78000000000000
2025-09-09 09:52:50,0.11932687404386,31.78392300001287,0.08392300001287,31.70000000000000
2025-09-09 09:52:51,0.12890025575448,31.76325100000366,0.08325100000366,31.68000000000000
2025-09-09 09:52:52,0.12130479102956,31.95325199999672,0.08325199999672,31.87000000000000
2025-09-09 09:52:53,0.11770726714432,31.92544900000561,0.08544900000561,31.84000000000000
2025-09-09 09:52:54,0.12607594936709,31.99483900000283,0.08483900000283,31.91000000000000
2025-09-09 09:52:55,0.11510791366906,32.10422800000699,0.08422800000699,32.02000000000000
2025-09-09 09:52:56,0.11932687404386,31.97422900000005,0.08422900000005,31.89000000000000
2025-09-09 09:52:57,0.12085670576237,32.11435000000463,0.08435000000463,32.03000000000000
2025-09-09 09:52:59,0.12404677173360,32.21312999999908,0.08312999999907,32.13000000000000
2025-09-09 09:53:00,0.13164556962025,32.08380100000068,0.08380100000068,32.00000000000000
2025-09-09 09:53:01,0.13173957273652,31.97392299999832,0.08392299999832,31.89000000000000
2025-09-09 09:53:02,0.11858316221766,31.96355699999083,0.08355699999083,31.88000000000000
2025-09-09 09:53:03,0.12232415902141,32.14428999999888,0.08428999999887,32.06000000000000
2025-09-09 09:53:04,0.12328069281712,31.98398399999714,0.08398399999714,31.90000000000000
2025-09-09 09:53:05,0.12167689161554,31.96374000000185,0.08374000000185,31.88000000000000
2025-09-09 09:53:06,0.12576687116564,31.88337399999437,0.08337399999436,31.80000000000000
2025-09-09 09:53:07,0.11767728674203,31.90294599999499,0.08294599999499,31.82000000000000
2025-09-09 09:53:08,0.11858316221766,31.91355699999083,0.08355699999083,31.83000000000000
2025-09-09 09:53:09,0.11944869831547,31.95441100000346,0.08441100000346,31.87000000000000
2025-09-09 09:53:10,0.12128966223132,32.02398400001169,0.08398400001170,31.94000000000000
2025-09-09 09:53:11,0.11652977412731,32.08404499999597,0.08404499999597,32.00000000000000
2025-09-09 09:53:12,0.12871794871795,31.97331200000248,0.08331200000248,31.89000000000000
2025-09-09 09:53:13,0.12410986775178,32.10477699999640,0.08477699999639,32.02000000000000
2025-09-09 09:53:14,0.12071611253197,32.08294700000260,0.08294700000260,32.00000000000000
2025-09-09 09:53:15,0.12136664966854,32.13453300000110,0.08453300000110,32.05000000000000
2025-09-09 09:53:16,0.11987704918033,32.13312899999146,0.08312899999146,32.05000000000000
2025-09-09 09:53:17,0.11493073370959,32.17490000000166,0.08490000000165,32.09000000000000
2025-09-09 09:53:18,0.12079510703364,32.12453400000872,0.08453400000872,32.04000000000000
2025-09-09 09:53:19,0.12474541751527,32.05453300000110,0.08453300000110,31.97000000000000
2025-09-09 09:53:20,0.12372708757637,32.11410700000241,0.08410700000240,32.03000000000000
2025-09-09 09:53:21,0.12974358974359,32.04355699999083,0.08355699999083,31.96000000000000
2025-09-09 09:53:22,0.12397959183673,31.91459399999992,0.08459399999992,31.83000000000000
2025-09-09 09:53:23,0.11885245901639,32.10349600000657,0.08349600000656,32.02000000000000
2025-09-09 09:53:24,0.12238653748088,31.96422800000699,0.08422800000699,31.88000000000000
2025-09-09 09:53:25,0.12429954151808,31.96489999998710,0.08489999998710,31.88000000000000
2025-09-09 09:53:26,0.12269938650307,31.94453399999416,0.08453399999416,31.86000000000000
2025-09-09 09:53:27,0.12034676185620,31.79459399999993,0.08459399999992,31.71000000000000
2025-09-09 09:53:28,0.11607601438110,31.75386199999950,0.08386199999950,31.67000000000000
2025-09-09 09:53:29,0.12098009188361,31.74374000000185,0.08374000000185,31.66000000000000
2025-09-09 09:53:30,0.12289648138705,31.83367900000303,0.08367900000303,31.75000000000000
2025-09-09 09:53:31,0.13139059304703,31.95367900000303,0.08367900000303,31.87000000000000
2025-09-09 09:53:32,0.12238653748088,31.91514399999694,0.08514399999694,31.83000000000000
2025-09-09 09:53:33,0.12155260469867,31.77337400000892,0.08337400000892,31.69000000000000
2025-09-09 09:53:34,0.12417302798982,31.73459499999299,0.08459499999299,31.65000000000000
2025-09-09 09:53:35,0.12340642529322,31.91435099999769,0.08435099999770,31.83000000000000
2025-09-09 09:53:36,0.12218813905930,31.92325100000366,0.08325100000366,31.84000000000000
2025-09-09 09:53:37,0.11852231913802,31.67416700000816,0.08416700000816,31.59000000000000
2025-09-09 09:53:38,0.12128966223132,31.82361800000421,0.08361800000421,31.74000000000000
2025-09-09 09:53:39,0.12683916793506,31.96270299999276,0.08270299999276,31.88000000000000
2025-09-09 09:53:40,0.13545407901488,31.98367900000303,0.08367900000303,31.90000000000000
2025-09-09 09:53:41,0.11879160266257,31.95447200000228,0.08447200000228,31.87000000000000
2025-09-09 09:53:42,0.12155260469867,31.83337399999436,0.08337399999436,31.75000000000000
2025-09-09 09:53:43,0.11948717948718,31.90496100000048,0.08496100000048,31.82000000000000
2025-09-09 09:53:45,0.12448979591837,32.01349600000656,0.08349600000656,31.93000000000000
2025-09-09 09:53:46,0.12576374745418,31.92422800000699,0.08422800000699,31.84000000000000
2025-09-09 09:53:47,0.12901580826109,31.83374000000185,0.08374000000185,31.75000000000000
2025-09-09 09:53:48,0.12474541751527,31.90374000000185,0.08374000000185,31.82000000000000
2025-09-09 09:53:49,0.12378516624041,31.86331299999554,0.08331299999554,31.78000000000000
2025-09-09 09:53:50,0.12634271099744,31.84374000000185,0.08374000000185,31.76000000000000
2025-09-09 09:53:51,0.13756345177665,31.92441099998890,0.08441099998890,31.84000000000000
2025-09-09 09:53:52,0.12391636919939,32.01508299999812,0.08508299999812,31.93000000000000
2025-09-09 09:53:53,0.11770726714432,32.04447200000228,0.08447200000228,31.96000000000000
2025-09-09 09:53:54,0.12130479102956,31.88404600000358,0.08404600000358,31.80000000000000
2025-09-09 09:53:55,0.11879160266257,31.82392299999832,0.08392299999832,31.74000000000000
2025-09-09 09:53:56,0.12448979591837,31.84386199999950,0.08386199999950,31.76000000000000
2025-09-09 09:53:57,0.12187659357471,31.97465599999181,0.08465599999181,31.89000000000000
2025-09-09 09:53:58,0.11737570476679,31.94404500001052,0.08404500001052,31.86000000000000
2025-09-09 09:53:59,0.12506354855109,31.78404499999597,0.08404499999597,31.70000000000000
2025-09-09 09:54:00,0.12878399179066,31.87441199999652,0.08441199999652,31.79000000000000
2025-09-09 09:54:01,0.12544438801422,31.93453300000110,0.08453300000110,31.85000000000000
2025-09-09 09:54:02,0.11987704918033,31.99373999998730,0.08373999998730,31.91000000000000
2025-09-09 09:54:03,0.12360122075280,31.99551100001205,0.08551100001205,31.91000000000000
2025-09-09 09:54:04,0.12012320328542,31.91428999999887,0.08428999999887,31.83000000000000
2025-09-09 09:54:05,0.12353838332486,31.98459399999992,0.08459399999992,31.90000000000000
2025-09-09 09:54:06,0.12069851052902,31.98410600000934,0.08410600000934,31.90000000000000
2025-09-09 09:54:07,0.11737570476679,31.91508299999812,0.08508299999812,31.83000000000000
2025-09-09 09:54:08,0.12436289500510,31.98465599999181,0.08465599999181,31.90000000000000
2025-09-09 09:54:09,0.13295975547631,31.76355599999777,0.08355599999777,31.68000000000000
2025-09-09 09:54:10,0.12716174974568,31.67404499999597,0.08404499999597,31.59000000000000
2025-09-09 09:54:11,0.12218813905930,31.93459399999993,0.08459399999992,31.85000000000000
2025-09-09 09:54:12,0.12321063394683,31.93374000000185,0.08374000000185,31.85000000000000
2025-09-09 09:54:13,0.11613566289825,31.89605899999384,0.08605899999384,31.81000000000000
2025-09-09 09:54:14,0.12180143295803,31.83404499999597,0.08404499999597,31.75000000000000
2025-09-09 09:54:15,0.11944869831547,31.82343500000774,0.08343500000774,31.74000000000000
2025-09-09 09:54:16,0.11858316221766,31.90520499999577,0.08520499999577,31.82000000000000
2025-09-09 09:54:17,0.12289648138705,31.91428999999887,0.08428999999887,31.83000000000000
2025-09-09 09:54:18,0.12557193695984,31.91392299999832,0.08392299999832,31.83000000000000
2025-09-09 09:54:19,0.11899897854954,32.07483900000283,0.08483900000283,31.99000000000000
2025-09-09 09:54:20,0.13840653728294,32.11459399999993,0.08459399999992,32.03000000000000
2025-09-09 09:54:21,0.11071245515120,32.17441100000346,0.08441100000346,32.09000000000000
2025-09-09 09:54:22,0.10566615620214,32.15496100000048,0.08496100000048,32.07000000000000
2025-09-09 09:54:23,0.10553018772197,32.09471700000518,0.08471700000518,32.01000000000000
2025-09-09 09:54:24,0.10276073619632,31.94404499999597,0.08404499999597,31.86000000000000
2025-09-09 09:54:25,0.10585241730280,31.93490000000165,0.08490000000165,31.85000000000000
2025-09-09 09:54:26,0.10641547861507,31.80502199999930,0.08502199999930,31.72000000000000
2025-09-09 09:54:27,0.10112359550562,31.74447200000228,0.08447200000228,31.66000000000000
2025-09-09 09:54:28,0.10726995424504,31.69367900000303,0.08367900000303,31.61000000000000
2025-09-09 09:54:30,0.10902636916836,31.78337399999436,0.08337399999436,31.70000000000000
2025-09-09 09:54:31,0.10397553516820,31.78447299999534,0.08447299999534,31.70000000000000
2025-09-09 09:54:32,0.11866125760649,31.86496100000048,0.08496100000048,31.78000000000000
2025-09-09 09:54:33,0.10897110998479,31.91520499999577,0.08520499999577,31.83000000000000
2025-09-09 09:54:34,0.10596026490066,32.03447200000228,0.08447200000228,31.95000000000000
2025-09-09 09:54:35,0.10891590678825,32.05496100000047,0.08496100000048,31.97000000000000
2025-09-09 09:54:36,0.10998479472884,32.21361799998966,0.08361799998966,32.13000000000000
2025-09-09 09:54:37,0.10823170731707,32.23434999999008,0.08434999999008,32.15000000000000
2025-09-09 09:54:38,0.11223458038423,32.16557100000325,0.08557100000326,32.08000000000000
2025-09-09 09:54:39,0.10550458715596,32.18422800000699,0.08422800000699,32.10000000000000
2025-09-09 09:54:40,0.11088607594937,32.11593699999619,0.08593699999619,32.03000000000000
2025-09-09 09:54:41,0.11082995951417,32.08428999999887,0.08428999999887,32.00000000000000
2025-09-09 09:54:42,0.11369378473977,32.07514399999694,0.08514399999694,31.99000000000000
2025-09-09 09:54:43,0.10705225773719,32.07392299999832,0.08392299999832,31.99000000000000
2025-09-09 09:54:44,0.10941475826972,32.11441100000346,0.08441100000346,32.03000000000000
2025-09-09 09:54:45,0.10402855685875,32.12496100000048,0.08496100000048,32.04000000000000
2025-09-09 09:54:46,0.10970035551041,32.09526600000914,0.08526600000914,32.01000000000000
2025-09-09 09:54:47,0.11325545962417,32.06380100000068,0.08380100000068,31.98000000000000
2025-09-09 09:54:48,0.11212121212121,32.02465599999181,0.08465599999181,31.94000000000000
2025-09-09 09:54:49,0.10453850076492,31.87398399999714,0.08398399999714,31.79000000000000
2025-09-09 09:54:50,0.10840932117528,31.71429000001342,0.08429000001343,31.63000000000000
2025-09-09 09:54:51,0.11949367088608,31.93483800000977,0.08483800000977,31.85000000000000
2025-09-09 09:54:52,0.11369378473977,31.94483900000283,0.08483900000283,31.86000000000000
2025-09-09 09:54:53,0.10681586978637,31.99514399999694,0.08514399999694,31.91000000000000
2025-09-09 09:54:54,0.10886075949367,32.01422800000699,0.08422800000699,31.93000000000000
2025-09-09 09:54:55,0.10437881873727,32.05465499999875,0.08465499999875,31.97000000000000
2025-09-09 09:54:56,0.10681586978637,31.91508299999812,0.08508299999812,31.83000000000000
2025-09-09 09:54:57,0.10630722278739,31.84490000000165,0.08490000000165,31.76000000000000
2025-09-09 09:54:58,0.10687022900763,32.04422800000699,0.08422800000699,31.96000000000000
2025-09-09 09:54:59,0.10812182741117,31.95453399999417,0.08453399999416,31.87000000000000
2025-09-09 09:55:00,0.10665312341290,32.08483900000283,0.08483900000283,32.00000000000000
2025-09-09 09:55:01,0.10494141619969,32.05496000000741,0.08496000000741,31.97000000000000
2025-09-09 09:55:02,0.11848101265823,32.01502100000624,0.08502100000624,31.93000000000000
2025-09-09 09:55:03,0.09872122762148,32.20447299999534,0.08447299999534,32.12000000000000
2025-09-09 09:55:04,0.10499490316004,32.34300699999381,0.08300699999381,32.26000000000000
2025-09-09 09:55:05,0.10142711518858,32.21361800000421,0.08361800000421,32.13000000000000
2025-09-09 09:55:06,0.10823170731707,32.15416800000123,0.08416800000123,32.07000000000000
2025-09-09 09:55:07,0.10020449897751,32.10453300000110,0.08453300000110,32.02000000000000
2025-09-09 09:55:08,0.10851926977688,32.03270299999276,0.08270299999276,31.95000000000000
2025-09-09 09:55:09,0.10987341772152,31.92325199999672,0.08325199999672,31.84000000000000
2025-09-09 09:55:10,0.10772357723577,32.02190900000045,0.08190900000045,31.94000000000000
2025-09-09 09:55:11,0.11444557477111,32.01410599999479,0.08410599999479,31.93000000000000
2025-09-09 09:55:12,0.11021233569262,32.04361799998966,0.08361799998966,31.96000000000000
2025-09-09 09:55:13,0.10102040816327,32.20319099999789,0.08319099999790,32.12000000000000
2025-09-09 09:55:14,0.10625317742755,32.16404500001052,0.08404500001052,32.08000000000000
2025-09-09 09:55:16,0.10739614994934,32.11398399999715,0.08398399999714,32.03000000000000
2025-09-09 09:55:17,0.11515151515152,32.29386199999950,0.08386199999950,32.21000000000000
2025-09-09 09:55:18,0.10188487009679,32.20416700000816,0.08416700000816,32.12000000000000
2025-09-09 09:55:19,0.10801217038540,32.13355699999083,0.08355699999083,32.05000000000000
2025-09-09 09:55:20,0.11122345803842,32.28471599999757,0.08471599999757,32.20000000000000
2025-09-09 09:55:21,0.10761421319797,32.28264100000088,0.08264100000088,32.20000000000000
2025-09-09 09:55:22,0.10214504596527,32.35392299999832,0.08392299999832,32.27000000000000
2025-09-09 09:55:23,0.11782630777044,32.29306900000025,0.08306900000025,32.21000000000000
2025-09-09 09:55:24,0.10204081632653,32.23355700000538,0.08355700000538,32.15000000000000
2025-09-09 09:55:25,0.10981189628876,32.09325200001127,0.08325200001127,32.01000000000000
2025-09-09 09:55:26,0.10494141619969,32.16428900000581,0.08428900000581,32.08000000000000
2025-09-09 09:55:27,0.11296859169200,32.03416699999362,0.08416699999361,31.95000000000000
2025-09-09 09:55:28,0.10561224489796,32.03325200001127,0.08325200001127,31.95000000000000
2025-09-09 09:55:29,0.10630722278739,31.98404499999597,0.08404499999597,31.90000000000000
2025-09-09 09:55:30,0.10806697108067,32.06319099999790,0.08319099999790,31.98000000000000
2025-09-09 09:55:31,0.10534351145038,32.12398399999714,0.08398399999714,32.04000000000000
2025-09-09 09:55:32,0.11770674784373,32.29410599999479,0.08410599999479,32.21000000000000
2025-09-09 09:55:33,0.10081883316274,32.20258000000205,0.08258000000205,32.12000000000000
2025-09-09 09:55:34,0.10726995424504,32.23306900000025,0.08306900000025,32.15000000000000
2025-09-09 09:55:35,0.10563737938040,32.31288500001072,0.08288500001072,32.23000000000000
2025-09-09 09:55:36,0.10209290454313,32.34471600001212,0.08471600001212,32.26000000000000
2025-09-09 09:55:37,0.11402623612513,32.22319099999790,0.08319099999790,32.14000000000000
2025-09-09 09:55:38,0.10467479674797,32.38380100000067,0.08380100000068,32.30000000000000
2025-09-09 09:55:39,0.10925644916540,32.41300800000143,0.08300800000143,32.33000000000000
2025-09-09 09:55:40,0.10579857578840,32.33374000000185,0.08374000000185,32.25000000000000
2025-09-09 09:55:41,0.10204081632653,32.40306800000719,0.08306800000719,32.32000000000000
2025-09-09 09:55:42,0.11546286876907,32.26416699999361,0.08416699999361,32.18000000000000
2025-09-09 09:55:43,0.10239429444727,32.34380100000067,0.08380100000068,32.26000000000000
2025-09-09 09:55:44,0.10670731707317,32.38374000000185,0.08374000000185,32.30000000000000
2025-09-09 09:55:45,0.10427263479145,32.28477800000401,0.08477800000401,32.20000000000000
2025-09-09 09:55:46,0.11223971559167,32.36264199999394,0.08264199999394,32.28000000000000
2025-09-09 09:55:47,0.10427263479145,32.48312900000601,0.08312900000601,32.40000000000000
2025-09-09 09:55:48,0.10168625447113,32.50459499999299,0.08459499999299,32.42000000000000
2025-09-09 09:55:49,0.10494141619969,32.34312999999907,0.08312999999907,32.26000000000000
2025-09-09 09:55:50,0.10851926977688,32.17380100000068,0.08380100000068,32.09000000000000
2025-09-09 09:55:51,0.11031664964249,32.16258000000205,0.08258000000205,32.08000000000000
2025-09-09 09:55:52,0.10285132382892,32.05294700000260,0.08294700000260,31.97000000000000
2025-09-09 09:55:53,0.10659898477157,32.19288600000378,0.08288600000378,32.11000000000000
2025-09-09 09:55:54,0.10936708860759,32.09489899999404,0.08489899999404,32.01000000000000
2025-09-09 09:55:55,0.10539714867617,32.04355699999083,0.08355699999083,31.96000000000000
2025-09-09 09:55:56,0.10291858678955,32.14331199998793,0.08331199998793,32.06000000000000
2025-09-09 09:55:57,0.10574478901881,32.01392299999832,0.08392299999832,31.93000000000000
2025-09-09 09:55:58,0.10840932117528,32.07550999998988,0.08550999998988,31.99000000000000
2025-09-09 09:55:59,0.10427263479145,32.22404499999597,0.08404499999597,32.14000000000000
2025-09-09 09:56:01,0.11776649746193,32.20398399999714,0.08398399999714,32.12000000000000
2025-09-09 09:56:02,0.10427263479145,32.23404499999597,0.08404499999597,32.15000000000000
2025-09-09 09:56:03,0.10071574642127,32.36410599999479,0.08410599999479,32.28000000000000
2025-09-09 09:56:04,0.10721544715447,32.36404499999597,0.08404499999597,32.28000000000000
2025-09-09 09:56:05,0.10448521916412,32.47288600000378,0.08288600000378,32.39000000000000
2025-09-09 09:56:06,0.10432569974555,32.57300800000143,0.08300800000143,32.49000000000000
2025-09-09 09:56:07,0.10795742524075,32.43380100000068,0.08380100000068,32.35000000000000
2025-09-09 09:56:08,0.10539714867617,32.43398399999715,0.08398399999714,32.35000000000000
2025-09-09 09:56:09,0.10239429444727,32.28257999998750,0.08257999998750,32.20000000000000
2025-09-09 09:56:10,0.10528992878942,32.33453300000110,0.08453300000110,32.25000000000000
2025-09-09 09:56:11,0.12719959778783,32.14410599999479,0.08410599999479,32.06000000000000
2025-09-09 09:56:12,0.10902636916836,32.19483900000283,0.08483900000283,32.11000000000000
2025-09-09 09:56:13,0.10619918699187,32.26392299999832,0.08392299999832,32.18000000000000
2025-09-09 09:56:14,0.11077389984825,32.12544900000561,0.08544900000561,32.04000000000000
2025-09-09 09:56:15,0.10891590678825,32.03471600001212,0.08471600001212,31.95000000000000
2025-09-09 09:56:16,0.11043566362715,31.99386199999950,0.08386199999950,31.91000000000000
2025-09-09 09:56:17,0.10823170731707,32.12459399999992,0.08459399999992,32.04000000000000
2025-09-09 09:56:18,0.10636132315522,32.26422800000699,0.08422800000699,32.18000000000000
2025-09-09 09:56:19,0.11251900658895,32.26386200001405,0.08386200001405,32.18000000000000
2025-09-09 09:56:20,0.10998479472884,32.30355699999083,0.08355699999083,32.22000000000000
2025-09-09 09:56:21,0.11150895140665,32.22386199999950,0.08386199999950,32.14000000000000
2025-09-09 09:56:22,0.10824481537683,32.29196999999927,0.08196999999927,32.21000000000000
2025-09-09 09:56:23,0.11307420494700,32.34306899998570,0.08306899998570,32.26000000000000
2025-09-09 09:56:24,0.10992907801418,32.20386199999950,0.08386199999950,32.12000000000000
2025-09-09 09:56:25,0.10585241730280,32.26349599999201,0.08349599999201,32.18000000000000
2025-09-09 09:56:26,0.10392256749873,32.47282500000496,0.08282500000496,32.39000000000000
2025-09-09 09:56:27,0.10443199184921,32.43459399999993,0.08459399999992,32.35000000000000
2025-09-09 09:56:28,0.10710659898477,32.34447299999534,0.08447299999534,32.26000000000000
2025-09-09 09:56:29,0.10732451678535,32.23233599999221,0.08233599999221,32.15000000000000
2025-09-09 09:56:30,0.10467479674797,32.24343500000774,0.08343500000774,32.16000000000000
2025-09-09 09:56:31,0.10681586978637,32.22416699999361,0.08416699999361,32.14000000000000
2025-09-09 09:56:32,0.11618467782851,32.26343500000774,0.08343500000774,32.18000000000000
2025-09-09 09:56:33,0.10617662072486,32.13258000000205,0.08258000000205,32.05000000000000
2025-09-09 09:56:34,0.11486146095718,31.97398500000476,0.08398500000476,31.89000000000000
2025-09-09 09:56:35,0.11229135053111,32.14380100000068,0.08380100000068,32.06000000000000
2025-09-09 09:56:36,0.10936708860759,32.17215299999575,0.08215299999574,32.09000000000000
2025-09-09 09:56:37,0.11094147582697,32.10294700000261,0.08294700000260,32.02000000000000
2025-09-09 09:56:38,0.10255102040816,32.07270199999969,0.08270199999970,31.99000000000000
2025-09-09 09:56:39,0.11234817813765,31.99325199999672,0.08325199999672,31.91000000000000
2025-09-09 09:56:40,0.10750507099391,32.10270299999276,0.08270299999276,32.02000000000000
2025-09-09 09:56:41,0.10816326530612,32.22441100000346,0.08441100000346,32.14000000000000
2025-09-09 09:56:42,0.10483460559796,32.01374100000947,0.08374100000947,31.93000000000000
2025-09-09 09:56:43,0.12144308943089,32.13428900000581,0.08428900000581,32.05000000000000
2025-09-09 09:56:44,0.11353269133300,32.00441199999652,0.08441199999652,31.92000000000000
2025-09-09 09:56:46,0.10772357723577,31.96306799999264,0.08306799999264,31.88000000000000
2025-09-09 09:56:47,0.11872146118721,32.05404499999597,0.08404499999597,31.97000000000000
2025-09-09 09:56:48,0.11279716742539,31.97404600000358,0.08404600000358,31.89000000000000
2025-09-09 09:56:49,0.11009639776763,32.09392299999832,0.08392299999832,32.01000000000000
2025-09-09 09:56:50,0.10935910478128,32.13441100000345,0.08441100000346,32.05000000000000
2025-09-09 09:56:51,0.11336032388664,32.10422900000005,0.08422900000005,32.02000000000000
2025-09-09 09:56:52,0.11386639676113,32.09563199998752,0.08563199998753,32.01000000000000
2025-09-09 09:56:53,0.10127877237852,32.07355700000538,0.08355700000538,31.99000000000000
2025-09-09 09:56:54,0.11971472236373,32.03544900000561,0.08544900000561,31.95000000000000
2025-09-09 09:56:55,0.10528992878942,32.07312999999907,0.08312999999907,31.99000000000000
2025-09-09 09:56:56,0.11172901921132,32.01441100000346,0.08441100000346,31.93000000000000
2025-09-09 09:56:57,0.10761421319797,32.14264199999394,0.08264199999394,32.06000000000000
2025-09-09 09:56:58,0.11094224924012,32.09386199999950,0.08386199999950,32.01000000000000
2025-09-09 09:56:59,0.11032388663968,32.16508299999812,0.08508299999812,32.08000000000000
2025-09-09 09:57:00,0.10732451678535,32.23398399999714,0.08398399999714,32.15000000000000
2025-09-09 09:57:01,0.11279716742539,32.14392299999832,0.08392299999832,32.06000000000000
2025-09-09 09:57:02,0.11054766734280,32.16435100001225,0.08435100001225,32.08000000000000
2025-09-09 09:57:03,0.10102040816327,32.32380100000068,0.08380100000068,32.24000000000000
2025-09-09 09:57:04,0.11308316430020,32.23490000000165,0.08490000000165,32.15000000000000
2025-09-09 09:57:05,0.11524732279449,32.28288499999617,0.08288499999617,32.20000000000000
2025-09-09 09:57:06,0.10947795235682,32.32514399999695,0.08514399999694,32.24000000000000
2025-09-09 09:57:07,0.11240506329114,32.21386300000712,0.08386300000711,32.13000000000000
2025-09-09 09:57:08,0.11111111111111,32.17483799999522,0.08483799999522,32.09000000000000
2025-09-09 09:57:09,0.10143442622951,32.20483900000283,0.08483900000283,32.12000000000000
2025-09-09 09:57:10,0.10748853795211,32.13416699999361,0.08416699999361,32.05000000000000
2025-09-09 09:57:11,0.10908168442415,32.05465600000636,0.08465600000636,31.97000000000000
2025-09-09 09:57:12,0.10880566801619,32.09355699999083,0.08355699999083,32.01000000000000
2025-09-09 09:57:13,0.10687022900763,32.01325199999672,0.08325199999672,31.93000000000000
2025-09-09 09:57:14,0.10224948875256,32.03404499999597,0.08404499999597,31.95000000000000
2025-09-09 09:57:15,0.11681056373794,32.01331300001009,0.08331300001009,31.93000000000000
2025-09-09 09:57:16,0.10761421319797,31.96300800000143,0.08300800000143,31.88000000000000
2025-09-09 09:57:17,0.10846426761277,32.15325199999672,0.08325199999672,32.07000000000000
2025-09-09 09:57:18,0.10590631364562,32.13416699999361,0.08416699999361,32.05000000000000
2025-09-09 09:57:19,0.10630722278739,32.18319099999790,0.08319099999790,32.10000000000000
2025-09-09 09:57:20,0.10902636916836,32.18392299999832,0.08392299999832,32.10000000000000
2025-09-09 09:57:21,0.11616161616162,32.25374000000186,0.08374000000185,32.17000000000000
2025-09-09 09:57:22,0.10523640061007,32.29306900000025,0.08306900000025,32.21000000000000
2025-09-09 09:57:23,0.10919248349416,32.26288600000378,0.08288600000378,32.18000000000000
2025-09-09 09:57:24,0.11363636363636,32.18532699999341,0.08532699999341,32.10000000000000
2025-09-09 09:57:25,0.12139605462822,32.25459399999993,0.08459399999992,32.17000000000000
2025-09-09 09:57:26,0.11111111111111,32.26337300000130,0.08337300000130,32.18000000000000
2025-09-09 09:57:27,0.10545084055018,32.19361799998966,0.08361799998966,32.11000000000000
2025-09-09 09:57:28,0.10873983739837,32.11490000000165,0.08490000000165,32.03000000000000
2025-09-09 09:57:29,0.10381679389313,32.10477800000401,0.08477800000401,32.02000000000000
2025-09-09 09:57:31,0.10539714867617,32.06374000000186,0.08374000000185,31.98000000000000
2025-09-09 09:57:32,0.11139240506329,32.17380100000068,0.08380100000068,32.09000000000000
2025-09-09 09:57:33,0.11346444780635,32.16404600000358,0.08404600000358,32.08000000000000
2025-09-09 09:57:34,0.11583206879110,32.16428900000581,0.08428900000581,32.08000000000000
2025-09-09 09:57:35,0.11268317331986,32.06331299999555,0.08331299999554,31.98000000000000
2025-09-09 09:57:36,0.11767702496179,31.90471700000518,0.08471700000518,31.82000000000000
2025-09-09 09:57:37,0.11015228426396,32.02337399999436,0.08337399999436,31.94000000000000
2025-09-09 09:57:38,0.10986775178026,32.09361800000421,0.08361800000421,32.01000000000000
2025-09-09 09:57:39,0.10574478901881,31.99380100000068,0.08380100000068,31.91000000000000
2025-09-09 09:57:40,0.11094224924012,32.15288499999617,0.08288499999617,32.07000000000000
2025-09-09 09:57:41,0.10478128179044,32.24319099999789,0.08319099999790,32.16000000000000
2025-09-09 09:57:42,0.10504844467109,32.14343500000774,0.08343500000774,32.06000000000000
2025-09-09 09:57:43,0.10902636916836,32.23374000000185,0.08374000000185,32.15000000000000
2025-09-09 09:57:44,0.10708822029577,32.33245900001202,0.08245900001202,32.25000000000000
2025-09-09 09:57:45,0.10992907801418,32.34331299999554,0.08331299999554,32.26000000000000
2025-09-09 09:57:46,0.11890243902439,32.24331200000248,0.08331200000248,32.16000000000000
2025-09-09 09:57:47,0.11213047910296,32.23361800000421,0.08361800000421,32.15000000000000
2025-09-09 09:57:48,0.11419909044972,32.28374099999492,0.08374099999492,32.20000000000000
2025-09-09 09:57:49,0.10761421319797,32.18196999999927,0.08196999999927,32.10000000000000
2025-09-09 09:57:50,0.10601427115189,32.21245800000441,0.08245800000441,32.13000000000000
2025-09-09 09:57:51,0.11425682507583,32.18441199999652,0.08441199999652,32.10000000000000
2025-09-09 09:57:52,0.11032028469751,32.18331299999554,0.08331299999554,32.10000000000000
2025-09-09 09:57:53,0.10816326530612,32.04551000000443,0.08551000000443,31.96000000000000
2025-09-09 09:57:54,0.10469867211440,32.07203099999809,0.08203099999810,31.99000000000000
2025-09-09 09:57:55,0.10970035551041,31.98190900000045,0.08190900000045,31.90000000000000
2025-09-09 09:57:56,0.11223971559167,31.98233599999221,0.08233599999221,31.90000000000000
2025-09-09 09:57:57,0.12688821752266,31.94355700000538,0.08355700000538,31.86000000000000
2025-09-09 09:57:58,0.10845213849287,31.97453399999416,0.08453399999416,31.89000000000000
2025-09-09 09:57:59,0.10641547861507,32.08258000000205,0.08258000000205,32.00000000000000
2025-09-09 09:58:00,0.11296859169200,32.19374000000185,0.08374000000185,32.11000000000000
2025-09-09 09:58:01,0.10918367346939,32.23374000000185,0.08374000000185,32.15000000000000
2025-09-09 09:58:02,0.10975609756098,32.13312999999907,0.08312999999907,32.05000000000000
2025-09-09 09:58:03,0.11206896551724,32.12294700000260,0.08294700000260,32.04000000000000
2025-09-09 09:58:04,0.10531697341513,32.03300700000837,0.08300700000837,31.95000000000000
2025-09-09 09:58:05,0.10941475826972,32.11465599999181,0.08465599999181,32.03000000000000
2025-09-09 09:58:06,0.10668708524758,32.13355700000538,0.08355700000538,32.05000000000000
2025-09-09 09:58:07,0.11965376782077,32.18459500000754,0.08459500000754,32.10000000000000
2025-09-09 09:58:08,0.10332480818414,32.11416699999361,0.08416699999361,32.03000000000000
2025-09-09 09:58:09,0.10748853795211,32.05520500001032,0.08520500001032,31.97000000000000
2025-09-09 09:58:10,0.10572012257406,32.03398400001170,0.08398400001170,31.95000000000000
2025-09-09 09:58:11,0.11094147582697,32.09288599998923,0.08288599998923,32.01000000000000
2025-09-09 09:58:12,0.10708822029577,32.17447299999534,0.08447299999534,32.09000000000000
2025-09-09 09:58:13,0.10975609756098,32.09404499999597,0.08404499999597,32.01000000000000
2025-09-09 09:58:14,0.11111111111111,32.16331299999554,0.08331299999554,32.08000000000000
2025-09-09 09:58:15,0.10440122824974,32.06337400000892,0.08337400000892,31.98000000000000
2025-09-09 09:58:17,0.10696008188332,31.99428900000581,0.08428900000581,31.91000000000000
2025-09-09 09:58:18,0.11167512690355,32.03300800000143,0.08300800000143,31.95000000000000
2025-09-09 09:58:19,0.12335025380711,32.00471699999063,0.08471699999063,31.92000000000000
2025-09-09 09:58:20,0.11122397155917,32.00422800000699,0.08422800000699,31.92000000000000
2025-09-09 09:58:21,0.11150712830957,31.98441100000345,0.08441100000346,31.90000000000000
2025-09-09 09:58:22,0.10827374872319,32.02490000000165,0.08490000000165,31.94000000000000
2025-09-09 09:58:23,0.10485933503836,32.07416699999361,0.08416699999361,31.99000000000000
2025-09-09 09:58:24,0.10754332313965,32.12367900000303,0.08367900000303,32.04000000000000
2025-09-09 09:58:25,0.11195928753181,32.04312999999907,0.08312999999907,31.96000000000000
2025-09-09 09:58:26,0.10970035551041,32.00398399999715,0.08398399999714,31.92000000000000
2025-09-09 09:58:27,0.11263318112633,32.12306900000025,0.08306900000025,32.04000000000000
2025-09-09 09:58:28,0.12118126272912,32.19319099999790,0.08319099999790,32.11000000000000
2025-09-09 09:58:29,0.11037639877925,32.29343500000774,0.08343500000774,32.21000000000000
2025-09-09 09:58:30,0.10628513030148,32.03483799999522,0.08483799999522,31.95000000000000
2025-09-09 09:58:31,0.11088504577823,32.14245899999747,0.08245899999747,32.06000000000000
2025-09-09 09:58:32,0.11325545962417,32.10422799999244,0.08422799999244,32.02000000000000
2025-09-09 09:58:33,0.10612244897959,32.05276399999158,0.08276399999158,31.97000000000000
2025-09-09 09:58:34,0.11394992335207,32.13239700000558,0.08239700000559,32.05000000000000
2025-09-09 09:58:35,0.10810810810811,31.93465600000636,0.08465600000636,31.85000000000000
2025-09-09 09:58:36,0.10628513030148,31.81337399999436,0.08337399999436,31.73000000000000
2025-09-09 09:58:37,0.10986775178026,31.80319099999790,0.08319099999790,31.72000000000000
2025-09-09 09:58:38,0.11725888324873,31.89331200000248,0.08331200000248,31.81000000000000
2025-09-09 09:58:39,0.12004069175992,31.76306900000025,0.08306900000025,31.68000000000000
2025-09-09 09:58:40,0.11612576064909,31.81300800000143,0.08300800000143,31.73000000000000
2025-09-09 09:58:41,0.10558687852383,31.77471700000519,0.08471700000518,31.69000000000000
2025-09-09 09:58:42,0.11213047910296,31.81227499999339,0.08227499999339,31.73000000000000
2025-09-09 09:58:43,0.11195928753181,32.06404499999597,0.08404499999597,31.98000000000000
2025-09-09 09:58:44,0.10884006131834,31.97319099999790,0.08319099999790,31.89000000000000
2025-09-09 09:58:45,0.11218274111675,32.13337400000891,0.08337400000892,32.05000000000000
2025-09-09 09:58:46,0.11914460285132,32.21392299999832,0.08392299999832,32.13000000000000
2025-09-09 09:58:47,0.10923940786115,32.13398400001169,0.08398400001170,32.05000000000000
2025-09-09 09:58:48,0.11224489795918,32.17428999999888,0.08428999999887,32.09000000000000
2025-09-09 09:58:49,0.12195121951220,32.05428900000581,0.08428900000581,31.97000000000000
2025-09-09 09:58:50,0.10369609856263,32.14380100000068,0.08380100000068,32.06000000000000
2025-09-09 09:58:51,0.11353269133300,32.19410700000240,0.08410700000240,32.11000000000000
2025-09-09 09:58:52,0.11195928753181,32.12459399999992,0.08459399999992,32.04000000000000
2025-09-09 09:58:53,0.10714285714286,32.14361800000421,0.08361800000421,32.06000000000000
2025-09-09 09:58:54,0.11618467782851,32.20367900000303,0.08367900000303,32.12000000000000
2025-09-09 09:58:55,0.11594936708861,32.24465499999874,0.08465499999875,32.16000000000000
2025-09-09 09:58:56,0.11060142711519,32.03312999999908,0.08312999999907,31.95000000000000
2025-09-09 09:58:57,0.11286222674123,31.85404499999597,0.08404499999597,31.77000000000000
2025-09-09 09:58:58,0.10827374872319,31.78215400000336,0.08215400000336,31.70000000000000
2025-09-09 09:58:59,0.11280487804878,31.97367900000303,0.08367900000303,31.89000000000000
2025-09-09 09:59:00,0.12404677173360,31.78471599999757,0.08471599999757,31.70000000000000
2025-09-09 09:59:02,0.11337061514997,31.66331299999554,0.08331299999554,31.58000000000000
2025-09-09 09:59:03,0.11099796334012,31.87337400000892,0.08337400000892,31.79000000000000
2025-09-09 09:59:04,0.11043256997455,31.92331299999554,0.08331299999554,31.84000000000000
2025-09-09 09:59:05,0.11077080142930,31.98392299999832,0.08392299999832,31.90000000000000
2025-09-09 09:59:06,0.10816326530612,32.08410700000240,0.08410700000240,32.00000000000000
2025-09-09 09:59:07,0.10872894333844,31.99349599999201,0.08349599999201,31.91000000000000
2025-09-09 09:59:08,0.11776649746193,32.07355700000538,0.08355700000538,31.99000000000000
2025-09-09 09:59:09,0.11359026369168,32.19325100000366,0.08325100000366,32.11000000000000
2025-09-09 09:59:10,0.10997963340122,32.02331299999554,0.08331299999554,31.94000000000000
2025-09-09 09:59:11,0.12290502793296,32.07361800000420,0.08361800000421,31.99000000000000
2025-09-09 09:59:12,0.10997442455243,31.95496100000048,0.08496100000048,31.87000000000000
2025-09-09 09:59:13,0.11037639877925,31.98447299999534,0.08447299999534,31.90000000000000
2025-09-09 09:59:14,0.10617662072486,32.16428900000581,0.08428900000581,32.08000000000000
2025-09-09 09:59:15,0.11133706151500,32.11367899998848,0.08367899998848,32.03000000000000
2025-09-09 09:59:16,0.11364789446981,32.10306900000025,0.08306900000025,32.02000000000000
2025-09-09 09:59:17,0.10512820512821,32.17410600000935,0.08410600000934,32.09000000000000
2025-09-09 09:59:18,0.11427120365668,32.04331299999554,0.08331299999554,31.96000000000000
2025-09-09 09:59:19,0.11184544992374,32.00367900000303,0.08367900000303,31.92000000000000
2025-09-09 09:59:20,0.11145038167939,32.11422799999244,0.08422799999244,32.03000000000000
2025-09-09 09:59:21,0.10633946830266,31.92276400000614,0.08276400000614,31.84000000000000
2025-09-09 09:59:22,0.12487309644670,31.98380100000067,0.08380100000068,31.90000000000000
2025-09-09 09:59:23,0.10872894333844,32.03459499999299,0.08459499999299,31.95000000000000
2025-09-09 09:59:24,0.11516996448503,32.18428900000581,0.08428900000581,32.10000000000000
2025-09-09 09:59:25,0.11382113821138,32.23416800000123,0.08416800000123,32.15000000000000
2025-09-09 09:59:26,0.10781808891160,32.12447200000228,0.08447200000228,32.04000000000000
2025-09-09 09:59:27,0.11672561899949,32.12245799998986,0.08245799998986,32.04000000000000
2025-09-09 09:59:28,0.11466260781329,32.12374000000185,0.08374000000185,32.04000000000000
2025-09-09 09:59:29,0.11538461538462,32.23398399999714,0.08398399999714,32.15000000000000
2025-09-09 09:59:30,0.11454637607704,32.20349599999201,0.08349599999201,32.12000000000000
2025-09-09 09:59:31,0.12008072653885,32.33386199999950,0.08386199999950,32.25000000000000
2025-09-09 09:59:32,0.10644831115660,32.45538800000678,0.08538800000679,32.37000000000000
2025-09-09 09:59:33,0.11761710794297,32.37404499999597,0.08404499999597,32.29000000000000
2025-09-09 09:59:34,0.11630269172169,32.36465600000636,0.08465600000636,32.28000000000000
2025-09-09 09:59:35,0.11105450840550,32.25367900000303,0.08367900000303,32.17000000000000
2025-09-09 09:59:36,0.11448834853090,32.26258000000205,0.08258000000205,32.18000000000000
2025-09-09 09:59:37,0.10765306122449,32.03282500000496,0.08282500000496,31.95000000000000
2025-09-09 09:59:38,0.11432926829268,32.21428899999126,0.08428899999126,32.13000000000000
2025-09-09 09:59:39,0.10606833248343,32.26349600000656,0.08349600000656,32.18000000000000
2025-09-09 09:59:40,0.11409736308316,32.24398500000476,0.08398500000476,32.16000000000000
2025-09-09 09:59:41,0.11145038167939,32.18435099999770,0.08435099999770,32.10000000000000
2025-09-09 09:59:42,0.11291963377416,32.00386199999950,0.08386199999950,31.92000000000000
2025-09-09 09:59:43,0.11409736308316,31.99325199999672,0.08325199999672,31.91000000000000
2025-09-09 09:59:44,0.12677484787018,32.09428899999126,0.08428899999126,32.01000000000000
2025-09-09 09:59:45,0.10781808891160,32.21380100000068,0.08380100000068,32.13000000000000
2025-09-09 09:59:47,0.11908396946565,32.20404499999596,0.08404499999597,32.12000000000000
2025-09-09 09:59:48,0.10856269113150,32.04337300000130,0.08337300000130,31.96000000000000
2025-09-09 09:59:49,0.11065782763896,32.18349599999201,0.08349599999201,32.10000000000000
2025-09-09 09:59:50,0.10918367346939,32.13392400000593,0.08392400000594,32.05000000000000
2025-09-09 09:59:51,0.11348600508906,32.23416699999361,0.08416699999361,32.15000000000000
2025-09-09 09:59:52,0.11342828077314,32.15282400001190,0.08282400001190,32.07000000000000
2025-09-09 09:59:53,0.10553278688525,32.12343500000774,0.08343500000774,32.04000000000000
2025-09-09 09:59:54,0.10759816420194,32.13294599999499,0.08294599999499,32.05000000000000
2025-09-09 09:59:55,0.12734652460680,32.12416800000123,0.08416800000123,32.04000000000000
2025-09-09 09:59:56,0.10867346938776,32.33416699999361,0.08416699999361,32.25000000000000
2025-09-09 09:59:57,0.10781808891160,32.25337399999437,0.08337399999436,32.17000000000000
2025-09-09 09:59:58,0.11173184357542,32.22331299999554,0.08331299999554,32.14000000000000
2025-09-09 09:59:59,0.11060142711519,32.16380100000067,0.08380100000068,32.08000000000000
2025-09-09 10:00:00,0.11223971559167,32.13459399999992,0.08459399999992,32.05000000000000
2025-09-09 10:00:01,0.11438739196746,31.97300800000143,0.08300800000143,31.89000000000000
2025-09-09 10:00:02,0.10741687979540,31.87410599999479,0.08410599999479,31.79000000000000
2025-09-09 10:00:03,0.11246819338422,31.93416800000123,0.08416800000123,31.85000000000000
2025-09-09 10:00:04,0.11309220580744,31.91477699999639,0.08477699999639,31.83000000000000
2025-09-09 10:00:05,0.11252545824847,31.78441100000346,0.08441100000346,31.70000000000000
2025-09-09 10:00:06,0.10696008188332,31.95428899999126,0.08428899999126,31.87000000000000
2025-09-09 10:00:07,0.12519083969466,31.96300800000143,0.08300800000143,31.88000000000000
2025-09-09 10:00:08,0.11342828077314,31.89496100000047,0.08496100000048,31.81000000000000
2025-09-09 10:00:09,0.11444557477111,32.06361800000421,0.08361800000421,31.98000000000000
2025-09-09 10:00:10,0.10803891449053,32.16361799998965,0.08361799998966,32.08000000000000
2025-09-09 10:00:11,0.11314984709480,32.14288499999617,0.08288499999617,32.06000000000000
2025-09-09 10:00:12,0.10867346938776,32.08404600000358,0.08404600000358,32.00000000000000
2025-09-09 10:00:13,0.11077080142930,32.12367900000303,0.08367900000303,32.04000000000000
2025-09-09 10:00:14,0.11320754716981,32.16245800000441,0.08245800000441,32.08000000000000
2025-09-09 10:00:15,0.11432926829268,32.16300800000143,0.08300800000143,32.08000000000000
2025-09-09 10:00:16,0.11530612244898,32.09441100000345,0.08441100000346,32.01000000000000
2025-09-09 10:00:17,0.12854251012146,32.05490000000165,0.08490000000165,31.97000000000000
2025-09-09 10:00:18,0.11937278705109,32.19410599999479,0.08410599999479,32.11000000000000
2025-09-09 10:00:19,0.11815415821501,32.14258100000967,0.08258100000967,32.06000000000000
2025-09-09 10:00:20,0.10991820040900,31.99367900000303,0.08367900000303,31.91000000000000
2025-09-09 10:00:21,0.11287027579162,31.88660899999086,0.08660899999086,31.80000000000000
2025-09-09 10:00:22,0.11389172625128,31.89428900000581,0.08428900000581,31.81000000000000
2025-09-09 10:00:23,0.11065782763896,31.86471699999063,0.08471699999063,31.78000000000000
2025-09-09 10:00:24,0.11642094560244,31.86325200001127,0.08325200001127,31.78000000000000
2025-09-09 10:00:25,0.11737804878049,32.01465499999875,0.08465499999875,31.93000000000000
2025-09-09 10:00:26,0.11642094560244,32.11337399999437,0.08337399999436,32.03000000000000
2025-09-09 10:00:27,0.11624365482234,32.15447299999534,0.08447299999534,32.07000000000000
2025-09-09 10:00:28,0.12173913043478,32.14422800000699,0.08422800000699,32.06000000000000
2025-09-09 10:00:29,0.11612576064909,32.11294700000261,0.08294700000260,32.03000000000000
2025-09-09 10:00:30,0.11360163015792,32.08392299999832,0.08392299999832,32.00000000000000
2025-09-09 10:00:31,0.11213047910296,32.17325199999672,0.08325199999672,32.09000000000000
2025-09-09 10:00:33,0.11558044806517,32.15483799999522,0.08483799999522,32.07000000000000
2025-09-09 10:00:34,0.11371749107598,32.19349600000656,0.08349600000656,32.11000000000000
2025-09-09 10:00:35,0.10860655737705,32.30355699999083,0.08355699999083,32.22000000000000
2025-09-09 10:00:36,0.12101265822785,32.30343500000774,0.08343500000774,32.22000000000000
2025-09-09 10:00:37,0.12145748987854,32.12435099999770,0.08435099999770,32.04000000000000
2025-09-09 10:00:38,0.11636178861789,32.12477800000401,0.08477800000401,32.04000000000000
2025-09-09 10:00:39,0.11833417978669,32.07508200000505,0.08508200000506,31.99000000000000
2025-09-09 10:00:40,0.14536340852130,32.00367900000303,0.08367900000303,31.92000000000000
2025-09-09 10:00:41,0.11614875191034,32.05495999999286,0.08495999999286,31.97000000000000
2025-09-09 10:00:42,0.10666666666667,32.00404600000358,0.08404600000358,31.92000000000000
2025-09-09 10:00:43,0.12006079027356,31.96355700000538,0.08355700000538,31.88000000000000
2025-09-09 10:00:44,0.11444557477111,31.94374000000185,0.08374000000185,31.86000000000000
2025-09-09 10:00:45,0.11434405308831,31.97422799999244,0.08422799999244,31.89000000000000
2025-09-09 10:00:46,0.11416921508665,32.03386199999950,0.08386199999950,31.95000000000000
